poet_id,작가,책 제목,출판사,시리즈,번호,출판년도,등단년도,등단매체,등단매체_정규화,등단경로,등단장르,n_works_in_book
P0187,신두호,사라진 입을 위한 선언,창비,창비시선,407,2017,1984,강원일보 신춘문예,강원일보 신춘문예,신춘문예,시,4
P0186,신동호,그림자를 가지러 가야 한다,창비,창비시선,478,2022,1984,강원일보 신춘문예,강원일보 신춘문예,신춘문예,시,1
P0319,장석남,고요는 도망가지 말아라,문학동네,문학동네 시인선,15,2012,1987,경향신문 신춘문예,경향신문 신춘문예,신춘문예,시,1
P0319,장석남,뺨에 서쪽을 빛내다,창비,창비시선,317,2010,1987,경향신문 신춘문예,경향신문 신춘문예,신춘문예,시,1
P0319,장석남,"미소는, 어디로 가시려는가",문학과지성사,문학과지성 시인선,304,2005,1987,경향신문 신춘문예,경향신문 신춘문예,신춘문예,시,2
P0294,이제니,그리하여 흘려 쓴 것들,문학과지성사,문학과지성 시인선,520,2019,2008,경향신문 신춘문예,경향신문 신춘문예,신춘문예,시,27
P0294,이제니,왜냐하면 우리는 우리를 모르고,문학과지성사,문학과지성 시인선,460,2014,2008,경향신문 신춘문예,경향신문 신춘문예,신춘문예,시,14
P0294,이제니,아마도 아프리카,창비,창비시선,321,2010,2008,경향신문 신춘문예,경향신문 신춘문예,신춘문예,시,18
P0248,이다희,시 창작 스터디,문학동네,문학동네 시인선,138,2020,2017,경향신문 신춘문예,경향신문 신춘문예,신춘문예,시,3
P0246,이기인,어깨 위로 떨어지는 편지,창비,창비시선,316,2010,2000,경향신문 신춘문예,경향신문 신춘문예,신춘문예,시,4
P0232,윤석정,오페라 미용실,민음사,민음의 시,159,2009,2004,경향신문 신춘문예,경향신문 신춘문예,신춘문예,시,7
P0143,박지일,물보라,민음사,민음의 시,326,2024,2020,경향신문 신춘문예,경향신문 신춘문예,신춘문예,시,60
P0140,박주택,시간의 동공,문학과지성사,문학과지성 시인선,368,2009,1986,경향신문 신춘문예,경향신문 신춘문예,신춘문예,시,3
P0140,박주택,또 하나의 지구가 필요할 때,문학과지성사,문학과지성 시인선,436,2013,1986,경향신문 신춘문예,경향신문 신춘문예,신춘문예,시,5
P0062,김승희,단무지와 베이컨의 진실한 사람,창비,창비시선,457,2021,1973,경향신문 신춘문예,경향신문 신춘문예,신춘문예,시,1
P0062,김승희,빗자루를 타고 달리는 웃음,민음사,민음의 시,99,2000,1973,경향신문 신춘문예,경향신문 신춘문예,신춘문예,시,6
P0352,조영석,토이 크레인,문학동네,문학동네 시인선,46,2013,2004,계간 문학동네,문학동네,매체 및 문학상,시,3
P0111,마윤지,개구리극장,민음사,민음의 시,320,2024,2022,계간 파란 신인상,계간 파란 신인상,신인상,시,5
P0043,김민지,잠든 사람과의 통화,창비,창비시선,509,2024,2021,계간 파란 신인상,계간 파란 신인상,신인상,시,3
P0055,김선태,그늘의 깊이,문학동네,문학동네 시인선,62,2014,1993,광주일보 신춘문예,광주일보 신춘문예,신춘문예,시,12
P0055,김선태,살구꽃이 돌아왔다,창비,창비시선,299,2009,1993,광주일보 신춘문예,광주일보 신춘문예,신춘문예,시,12
P0150,박해석,중얼거리는 천사들,문학동네,문학동네 시인선,94,2017,1995,국민일보 문학상,국민일보 문학상,매체 및 문학상,시,1
P0244,이기리,젖은 풍경은 잘 말리기,문학과지성사,문학과지성 시인선,578,2022,2020,김수영문학상,김수영문학상,매체 및 문학상,시,4
P0244,이기리,그 웃음을 나도 좋아해,민음사,민음의 시,279,2020,2020,김수영문학상,김수영문학상,매체 및 문학상,시,11
P0147,박참새,정신머리,민음사,민음의 시,319,2023,2023,김수영문학상,김수영문학상,매체 및 문학상,시,1
P0132,박승민,끝은 끝으로 이어진,창비,창비시선,448,2020,2007,내일을 여는 작가,내일을 여는 작가,매체 및 문학상,시,9
P0132,박승민,해는 요즘도 아침에 뜨겠죠,창비,창비시선,508,2024,2007,내일을 여는 작가,내일을 여는 작가,매체 및 문학상,시,2
P0281,이용훈,근무일지,창비,창비시선,479,2022,2018,내일을 여는 작가 신인상,내일을 여는 작가,신인상,시,28
P0300,이창기,착한 애인은 없다네,창비,창비시선,380,2014,1993,노둣돌,노둣돌,매체 및 문학상,시,22
P0300,이창기,나라고 할 만한 것이 없다,문학과지성사,문학과지성 시인선,297,2005,1993,노둣돌,노둣돌,매체 및 문학상,시,1
P0066,김연덕,재와 사랑의 미래,민음사,민음의 시,283,2021,2018,대산대학문학상,대산대학문학상,매체 및 문학상,시,5
P0292,이정록,그럴 때가 있다,창비,창비시선,476,2022,1989,대전일보 신춘문예,대전일보 신춘문예,신춘문예,시,7
P0292,이정록,눈에 넣어도 아프지 않은 것들의 목록,창비,창비시선,404,2016,1989,대전일보 신춘문예,대전일보 신춘문예,신춘문예,시,8
P0292,이정록,정말,창비,창비시선,313,2010,1989,대전일보 신춘문예,대전일보 신춘문예,신춘문예,시,7
P0292,이정록,의자,문학과지성사,문학과지성 시인선,313,2006,1989,대전일보 신춘문예,대전일보 신춘문예,신춘문예,시,5
P0292,이정록,제비꽃 여인숙,민음사,민음의 시,105,2001,1989,대전일보 신춘문예,대전일보 신춘문예,신춘문예,시,3
P0320,장석원,역진화의 시작,문학과지성사,문학과지성 시인선,408,2012,2002,대한매일 신춘문예,대한매일 신춘문예,신춘문예,시,1
P0030,김경주,고래와 수증기,문학과지성사,문학과지성 시인선,445,2014,2003,대한매일 신춘문예,대한매일 신춘문예,신춘문예,시,1
P0030,김경주,시차의 눈을 달랜다,민음사,민음의 시,160,2009,2003,대한매일 신춘문예,대한매일 신춘문예,신춘문예,시,5
P0030,김경주,기담,문학과지성사,문학과지성 시인선,354,2008,2003,대한매일 신춘문예,대한매일 신춘문예,신춘문예,시,4
P0124,박상수,오늘 같이 있어,문학동네,문학동네 시인선,109,2018,2000,동서문학,동서문학,매체 및 문학상,시,17
P0124,박상수,숙녀의 기분,문학동네,문학동네 시인선,41,2013,2000,동서문학,동서문학,매체 및 문학상,시,5
P0069,김영래,하늘이 담긴 손,민음사,민음의 시,123,2004,1997,동서문학,동서문학,매체 및 문학상,시,3
P0334,정복여,먼지는 무슨 힘으로 뭉쳐지나,창비,창비시선,193,2000,1993,동서문학 신인상,동서문학,신인상,시,5
P0231,윤병무,5분의 추억,문학과지성사,문학과지성 시인선,248,2000,1995,동서문학 신인상,동서문학,신인상,시,2
P0346,정희성,흰 밤에 꿈꾸다,창비,창비시선,431,2019,1970,동아일보 신춘문예,동아일보 신춘문예,신춘문예,시,4
P0346,정희성,돌아다보면 문득,창비,창비시선,291,2008,1970,동아일보 신춘문예,동아일보 신춘문예,신춘문예,시,7
P0318,장대송,스스로 웃는 매미,문학동네,문학동네 시인선,25,2012,1991,동아일보 신춘문예,동아일보 신춘문예,신춘문예,시,1
P0318,장대송,섬들이 놀다,창비,창비시선,231,2003,1991,동아일보 신춘문예,동아일보 신춘문예,신춘문예,시,3
P0287,이은규,오래 속삭여도 좋을 이야기,문학동네,문학동네 시인선,125,2019,2008,동아일보 신춘문예,동아일보 신춘문예,신춘문예,시,4
P0287,이은규,다정한 호칭,문학동네,문학동네 시인선,18,2012,2008,동아일보 신춘문예,동아일보 신춘문예,신춘문예,시,2
P0202,안미옥,온,창비,창비시선,408,2017,2012,동아일보 신춘문예,동아일보 신춘문예,신춘문예,시,3
P0201,안도현,능소화가 피면서 악기를 창가에 걸어둘 수 있게 되었다,창비,창비시선,449,2020,1984,동아일보 신춘문예,동아일보 신춘문예,신춘문예,시,1
P0201,안도현,북항,문학동네,문학동네 시인선,20,2012,1984,동아일보 신춘문예,동아일보 신춘문예,신춘문예,시,9
P0201,안도현,간절하게 참 철없이,창비,창비시선,283,2008,1984,동아일보 신춘문예,동아일보 신춘문예,신춘문예,시,1
P0201,안도현,너에게 가려고 강을 만들다,창비,창비시선,239,2004,1984,동아일보 신춘문예,동아일보 신춘문예,신춘문예,시,5
P0156,배용제,이 달콤한 감각,문학과지성사,문학과지성 시인선,282,2004,1997,동아일보 신춘문예,동아일보 신춘문예,신춘문예,시,1
P0123,박라연,아무것도 안 하는 애인,문학과지성사,문학과지성 시인선,577,2023,1990,동아일보 신춘문예,동아일보 신춘문예,신춘문예,시,1
P0102,남진우,나는 어둡고 적막한 집에 홀로 있었다,문학동네,문학동네 시인선,140,2020,1981,동아일보 신춘문예,동아일보 신춘문예,신춘문예,시,48
P0102,남진우,사랑의 어두운 저편,창비,창비시선,308,2009,1981,동아일보 신춘문예,동아일보 신춘문예,신춘문예,시,3
P0089,김중일,만약 우리의 시 속에 아침이 오지 않는다면,문학과지성사,문학과지성 시인선,565,2022,2002,동아일보 신춘문예,동아일보 신춘문예,신춘문예,시,2
P0089,김중일,가슴에서 사슴까지,창비,창비시선,424,2018,2002,동아일보 신춘문예,동아일보 신춘문예,신춘문예,시,5
P0089,김중일,내가 살아갈 사람,창비,창비시선,424,2015,2002,동아일보 신춘문예,동아일보 신춘문예,신춘문예,시,7
P0089,김중일,내가 살아갈 사람,창비,창비시선,418,2015,2002,동아일보 신춘문예,동아일보 신춘문예,신춘문예,시,7
P0089,김중일,내가 살아갈 사람,창비,창비시선,412,2015,2002,동아일보 신춘문예,동아일보 신춘문예,신춘문예,시,7
P0089,김중일,내가 살아갈 사람,창비,창비시선,406,2015,2002,동아일보 신춘문예,동아일보 신춘문예,신춘문예,시,7
P0089,김중일,내가 살아갈 사람,창비,창비시선,400,2015,2002,동아일보 신춘문예,동아일보 신춘문예,신춘문예,시,7
P0089,김중일,내가 살아갈 사람,창비,창비시선,394,2015,2002,동아일보 신춘문예,동아일보 신춘문예,신춘문예,시,7
P0089,김중일,내가 살아갈 사람,창비,창비시선,388,2015,2002,동아일보 신춘문예,동아일보 신춘문예,신춘문예,시,7
P0089,김중일,아무튼 씨 미안해요,창비,창비시선,347,2012,2002,동아일보 신춘문예,동아일보 신춘문예,신춘문예,시,3
P0089,김중일,국경꽃집,창비,창비시선,275,2007,2002,동아일보 신춘문예,동아일보 신춘문예,신춘문예,시,4
P0056,김성규,천국은 언제쯤 망가진 자들을 수거해가나,창비,창비시선,359,2013,2004,동아일보 신춘문예,동아일보 신춘문예,신춘문예,시,2
P0056,김성규,너는 잘못 날아왔다,창비,창비시선,288,2008,2004,동아일보 신춘문예,동아일보 신춘문예,신춘문예,시,1
P0034,김기형,저녁은 넓고 조용해 왜 노래를 부르지 않니,문학동네,문학동네 시인선,159,2021,2017,동아일보 신춘문예,동아일보 신춘문예,신춘문예,시,1
P0020,권민경,베개는 얼마나 많은 꿈을 견뎌냈나요,문학동네,문학동네 시인선,114,2018,2011,동아일보 신춘문예,동아일보 신춘문예,신춘문예,시,1
P0015,곽은영,관목들,문학동네,문학동네 시인선,143,2020,2006,동아일보 신춘문예,동아일보 신춘문예,신춘문예,시,5
P0015,곽은영,불한당들의 모험,문학동네,문학동네 시인선,31,2012,2006,동아일보 신춘문예,동아일보 신춘문예,신춘문예,시,1
P0013,고창환,발자국들이 남긴 길,문학과지성사,문학과지성 시인선,245,2000,1996,동아일보 신춘문예,동아일보 신춘문예,신춘문예,시,6
P0303,이향,희다,문학동네,문학동네 시인선,47,2013,2002,매일신문 신춘문예,매일신문 신춘문예,신춘문예,시,11
P0155,배영옥,백날을 함께 살고 일생이 갔다,문학동네,문학동네 시인선,122,2019,1999,매일신문 신춘문예,매일신문 신춘문예,신춘문예,시,7
P0114,문성해,밥이나 한번 먹자고 할 때,문학동네,문학동네 시인선,88,2016,1998,매일신문 신춘문예,매일신문 신춘문예,신춘문예,시,2
P0114,문성해,입술을 건너간 이름,창비,창비시선,351,2012,1998,매일신문 신춘문예,매일신문 신춘문예,신춘문예,시,4
P0114,문성해,자라,창비,창비시선,253,2005,1998,매일신문 신춘문예,매일신문 신춘문예,신춘문예,시,2
P0017,구광렬,슬프다 할 뻔했다,문학과지성사,문학과지성 시인선,426,2013,1986,멕시코 문예지 마침표 (El Punto),멕시코 문예지 마침표 (El Punto),매체 및 문학상,시,1
P0224,유종인,아껴 먹는 슬픔,문학과지성사,문학과지성 시인선,256,2001,1996,문예중앙,문예중앙,매체 및 문학상,시,1
P0029,김경인,일부러 틀리게 진심으로,문학동네,문학동네 시인선,139,2020,2001,문예중앙,문예중앙,매체 및 문학상,시,5
P0029,김경인,"얘들아, 모든 이름을 사랑해",민음사,민음의 시,184,2012,2001,문예중앙,문예중앙,매체 및 문학상,시,5
P0164,서상영,눈과 오이디푸스,문학동네,문학동네 시인선,35,2012,1993,문예중앙 가을호,문예중앙,매체 및 문학상,시,15
P0164,서상영,꽃과 숨기장난,문학과지성사,문학과지성 시인선,317,2006,1993,문예중앙 가을호,문예중앙,매체 및 문학상,시,3
P0304,이현승,대답이고 부탁인 말,문학동네,문학동네 시인선,160,2021,2002,문예중앙 신인문학상,문예중앙,신인상,시,2
P0304,이현승,생활이라는 생각,창비,창비시선,392,2015,2002,문예중앙 신인문학상,문예중앙,신인상,시,1
P0275,이영광,끝없는 사람,문학과지성사,문학과지성 시인선,512,2018,1998,문예중앙 신인문학상,문예중앙,신인상,시,1
P0275,이영광,나무는 간다,창비,창비시선,366,2013,1998,문예중앙 신인문학상,문예중앙,신인상,시,1
P0275,이영광,아픈 천국,창비,창비시선,318,2010,1998,문예중앙 신인문학상,문예중앙,신인상,시,1
P0275,이영광,직선 위에서 떨다,창비,창비시선,226,2003,1998,문예중앙 신인문학상,문예중앙,신인상,시,5
P0157,배진우,얼룩말 상자,민음사,민음의 시,317,2023,2016,문예중앙 신인문학상,문예중앙,신인상,시,2
P0116,문태준,아침은 생각한다,창비,창비시선,471,2022,1994,문예중앙 신인문학상,문예중앙,신인상,시,8
P0116,문태준,내가 사모하는 일에 무슨 끝이 있나요,문학동네,문학동네 시인선,101,2018,1994,문예중앙 신인문학상,문예중앙,신인상,시,1
P0116,문태준,우리들의 마지막 얼굴,창비,창비시선,387,2015,1994,문예중앙 신인문학상,문예중앙,신인상,시,9
P0116,문태준,먼 곳,창비,창비시선,343,2012,1994,문예중앙 신인문학상,문예중앙,신인상,시,1
P0116,문태준,맨발,창비,창비시선,238,2004,1994,문예중앙 신인문학상,문예중앙,신인상,시,1
P0116,문태준,수란거리는 뒤란,창비,창비시선,196,2000,1994,문예중앙 신인문학상,문예중앙,신인상,시,5
P0042,김민정,너의 거기는 작고 나의 여기는 커서 우리들은 헤어지는 중입니다,문학과지성사,문학과지성 시인선,536,2019,1999,문예중앙 신인문학상,문예중앙,신인상,시,8
P0042,김민정,아름답고 쓸모없기를,문학동네,문학동네 시인선,84,2016,1999,문예중앙 신인문학상,문예중앙,신인상,시,4
P0042,김민정,"그녀가 처음, 느끼기 시작했다",문학과지성사,문학과지성 시인선,370,2009,1999,문예중앙 신인문학상,문예중앙,신인상,시,26
P0024,권혁웅,애인은 토막 난 순대처럼 운다,창비,창비시선,369,2013,1997,문예중앙 신인문학상,문예중앙,신인상,시,10
P0024,권혁웅,소문들,문학과지성사,문학과지성 시인선,384,2010,1997,문예중앙 신인문학상,문예중앙,신인상,시,12
P0024,권혁웅,그 얼굴에 입술을 대다,민음사,민음의 시,141,2007,1997,문예중앙 신인문학상,문예중앙,신인상,시,15
P0024,권혁웅,마징가 계보학,창비,창비시선,254,2005,1997,문예중앙 신인문학상,문예중앙,신인상,시,8
P0317,장경린,토종닭 연구소,문학과지성사,문학과지성 시인선,310,2005,1985,문예중앙 신인상,문예중앙,신인상,시,1
P0205,안태운,산책하는 사람에게,문학과지성사,문학과지성 시인선,550,2020,2014,문예중앙 신인상,문예중앙,신인상,시,6
P0205,안태운,감은 눈이 내 얼굴을,민음사,민음의 시,228,2016,2014,문예중앙 신인상,문예중앙,신인상,시,31
P0165,서영처,말뚝에 묶인 피아노,문학과지성사,문학과지성 시인선,463,2015,2003,문학/판,문학,매체 및 문학상,시,18
P0288,이응준,"목화, 어두운 마음의 깊이",민음사,민음의 시,251,2018,1990,문학과 비평,문학과 비평,매체 및 문학상,시,9
P0288,이응준,애인,민음사,민음의 시,183,2012,1990,문학과 비평,문학과 비평,매체 및 문학상,시,2
P0241,이경림,급! 고독,창비,창비시선,430,2019,1989,문학과 비평,문학과 비평,매체 및 문학상,시,1
P0082,김점용,오늘 밤 잠들 곳이 마땅찮다,문학과지성사,문학과지성 시인선,253,2001,1997,문학과 사회,문학과사회,매체 및 문학상,시,1
P0400,함성호,타지 않는 혀,문학과지성사,문학과지성 시인선,559,2022,1990,문학과사회,문학과사회,매체 및 문학상,시,1
P0400,함성호,키르티무카,문학과지성사,문학과지성 시인선,388,2011,1990,문학과사회,문학과사회,매체 및 문학상,시,3
P0400,함성호,너무 아름다운 병,문학과지성사,문학과지성 시인선,259,2001,1990,문학과사회,문학과사회,매체 및 문학상,시,3
P0393,한강,서랍에 저녁을 넣어 두었다,문학과지성사,문학과지성 시인선,438,2013,1993,문학과사회,문학과사회,매체 및 문학상,시,2
P0366,차창용,나무물고기,문학과지성사,문학과지성 시인선,267,2002,1989,문학과사회,문학과사회,매체 및 문학상,시,1
P0365,진은영,나는 오래된 거리처럼 너를 사랑하고,문학과지성사,문학과지성 시인선,572,2022,2000,문학과사회,문학과사회,매체 및 문학상,시,4
P0356,조인선,황홀한 숲,문학과지성사,문학과지성 시인선,261,2002,1997,문학과사회,문학과사회,매체 및 문학상,시,4
P0349,조명,내 몸을 입으시겠어요?,민음사,민음의 시,278,2020,1989,문학과사회,문학과사회,매체 및 문학상,시,4
P0349,조명,여왕코끼리의 힘,민음사,민음의 시,145,2008,1989,문학과사회,문학과사회,매체 및 문학상,시,11
P0331,정남식,철갑 고래 뱃속에서,문학과지성사,문학과지성 시인선,298,2005,1988,문학과사회,문학과사회,매체 및 문학상,시,5
P0301,이철성,비파 소년이 사라진 거리,문학과지성사,문학과지성 시인선,363,2009,1996,문학과사회,문학과사회,매체 및 문학상,시,3
P0271,이승원,어둠과 설탕,문학과지성사,문학과지성 시인선,314,2006,2000,문학과사회,문학과사회,매체 및 문학상,시,13
P0265,이성미,"다른 시간, 다른 배열",문학과지성사,문학과지성 시인선,551,2020,2001,문학과사회,문학과사회,매체 및 문학상,시,1
P0245,이기성,동물의 자서전,문학과지성사,문학과지성 시인선,546,2020,1998,문학과사회,문학과사회,매체 및 문학상,시,17
P0245,이기성,채식주의자의 식탁,문학과지성사,문학과지성 시인선,469,2015,1998,문학과사회,문학과사회,매체 및 문학상,시,24
P0245,이기성,타일의 모든 것,문학과지성사,문학과지성 시인선,385,2010,1998,문학과사회,문학과사회,매체 및 문학상,시,12
P0245,이기성,불쑥 내민 손,문학과지성사,문학과지성 시인선,293,2004,1998,문학과사회,문학과사회,매체 및 문학상,시,19
P0235,윤의섭,어디서부터 오는 비인가요,민음사,민음의 시,264,2019,1994,문학과사회,문학과사회,매체 및 문학상,시,1
P0235,윤의섭,묵시록,민음사,민음의 시,209,2015,1994,문학과사회,문학과사회,매체 및 문학상,시,1
P0235,윤의섭,붉은 달은 미친 듯이 궤도를 돈다,문학과지성사,문학과지성 시인선,307,2005,1994,문학과사회,문학과사회,매체 및 문학상,시,1
P0210,엄원태,먼 우레처럼 다시 올 것이다,창비,창비시선,363,2013,1990,문학과사회,문학과사회,매체 및 문학상,시,3
P0210,엄원태,물방울 무덤,창비,창비시선,272,2007,1990,문학과사회,문학과사회,매체 및 문학상,시,2
P0198,심재상,넌 도돌이 표다,문학과지성사,문학과지성 시인선,279,2003,1992,문학과사회,문학과사회,매체 및 문학상,시,10
P0167,서정학,동네에서 제일 싼 프랑스,문학과지성사,문학과지성 시인선,498,2017,1995,문학과사회,문학과사회,매체 및 문학상,시,15
P0087,김중,거미는 이제 영영 돼지를 만나지 못한다,문학과지성사,문학과지성 시인선,260,2002,1999,문학과사회,문학과사회,매체 및 문학상,시,4
P0068,김연신,"시인, 시인들",문학과지성사,문학과지성 시인선,286,2004,1994,문학과사회,문학과사회,매체 및 문학상,시,4
P0209,양진건,귀한 매혹,문학과지성사,문학과지성 시인선,344,2008,1995,문학과사회 가을호,문학과사회,매체 및 문학상,시,1
P0035,김길나,둥근 밀떡에서 뜨는 해,문학과지성사,문학과지성 시인선,270,2003,1996,문학과사회 가을호,문학과사회,매체 및 문학상,시,3
P0411,황혜경,느낌 씨가 오고 있다,문학과지성사,문학과지성 시인선,424,2013,2010,문학과사회 신인문학상,문학과사회,신인상,시,1
P0392,하재연,라디오 데이즈,문학과지성사,문학과지성 시인선,327,2006,2002,문학과사회 신인문학상,문학과사회,신인상,시,2
P0390,최하연,팅커벨 꽃집,문학과지성사,문학과지성 시인선,427,2013,2003,문학과사회 신인문학상,문학과사회,신인상,시,5
P0390,최하연,피아노,문학과지성사,문학과지성 시인선,339,2007,2003,문학과사회 신인문학상,문학과사회,신인상,시,1
P0390,최하연,보헤미아 유리,문학과지성사,문학과지성 시인선,611,2024,2003,문학과사회 신인문학상,문학과사회,신인상,시,4
P0367,차호지,시작법,문학과지성사,문학과지성 시인선,605,2024,2021,문학과사회 신인문학상,문학과사회,신인상,시,31
P0322,장수진,사랑은 우르르 꿀꿀,문학과지성사,문학과지성 시인선,502,2017,2012,문학과사회 신인문학상,문학과사회,신인상,시,4
P0316,임지은,때때로 캥거루,문학과지성사,문학과지성 시인선,563,2021,2015,문학과사회 신인문학상,문학과사회,신인상,시,2
P0316,임지은,무구함과 소보로,문학과지성사,문학과지성 시인선,524,2019,2015,문학과사회 신인문학상,문학과사회,신인상,시,2
P0312,임승유,나는 겨울로 왔고 너는 여름에 있었다,문학과지성사,문학과지성 시인선,547,2021,2011,문학과사회 신인문학상,문학과사회,신인상,시,2
P0263,이설빈,울타리의 노래,문학과지성사,문학과지성 시인선,533,2019,2014,문학과사회 신인문학상,문학과사회,신인상,시,1
P0234,윤은성,주소를 쥐고,문학과지성사,문학과지성 시인선,558,2021,2017,문학과사회 신인문학상,문학과사회,신인상,시,2
P0160,백은선,가능세계,문학과지성사,문학과지성 시인선,481,2016,2012,문학과사회 신인문학상,문학과사회,신인상,시,1
P0128,박성준,잘 모르는 사이,문학과지성사,문학과지성 시인선,477,2016,2009,문학과사회 신인문학상,문학과사회,신인상,시,10
P0128,박성준,몰아 쓴 일기,문학과지성사,문학과지성 시인선,409,2012,2009,문학과사회 신인문학상,문학과사회,신인상,시,3
P0037,김리윤,투명도 혼합 공간,문학과지성사,문학과지성 시인선,571,2022,2019,문학과사회 신인문학상,문학과사회,신인상,시,1
P0296,이준규,네모,문학과지성사,문학과지성 시인선,444,2014,2000,문학과사회 여름호,문학과사회,매체 및 문학상,시,71
P0296,이준규,반복,문학동네,문학동네 시인선,51,2014,2000,문학과사회 여름호,문학과사회,매체 및 문학상,시,48
P0296,이준규,토마토가 익어가는 계절,문학과지성사,문학과지성 시인선,386,2010,2000,문학과사회 여름호,문학과사회,매체 및 문학상,시,1
P0296,이준규,흑백,문학과지성사,문학과지성 시인선,322,2006,2000,문학과사회 여름호,문학과사회,매체 및 문학상,시,9
P0266,이성복,래여애반다라,문학과지성사,문학과지성 시인선,421,2013,1977,문학과지성,문학과지성,매체 및 문학상,시,16
P0097,김혜수,이상한 야유회,창비,창비시선,323,2010,1979,문학과지성,문학과지성,매체 및 문학상,시,6
P0098,김혜순,지구가 죽으면 달은 누굴 돌지?,문학과지성사,문학과지성 시인선,567,2022,1979,문학과지성 가을호,문학과지성,매체 및 문학상,시,1
P0098,김혜순,피어라 돼지,문학과지성사,문학과지성 시인선,480,2016,1979,문학과지성 가을호,문학과지성,매체 및 문학상,시,3
P0098,김혜순,슬픔치약 거울크림,문학과지성사,문학과지성 시인선,401,2011,1979,문학과지성 가을호,문학과지성,매체 및 문학상,시,1
P0098,김혜순,당신의 첫,문학과지성사,문학과지성 시인선,345,2008,1979,문학과지성 가을호,문학과지성,매체 및 문학상,시,1
P0098,김혜순,한 잔의 붉은 거울,문학과지성사,문학과지성 시인선,288,2004,1979,문학과지성 가을호,문학과지성,매체 및 문학상,시,3
P0098,김혜순,달력 공장 공장장님 보세요,문학과지성사,문학과지성 시인선,243,2000,1979,문학과지성 가을호,문학과지성,매체 및 문학상,시,2
P0357,조인호,방독면,문학동네,문학동네 시인선,5,2011,2006,문학동네,문학동네,매체 및 문학상,시,6
P0152,박후기,이별의 재구성,창비,창비시선,306,2009,2001,문학동네,문학동네,매체 및 문학상,시,17
P0409,황유원,세상의 모든 최대화,민음사,민음의 시,219,2015,2013,문학동네 신인상,문학동네,신인상,시,1
P0394,한여진,두부를 구우면 겨울이 온다,문학동네,문학동네 시인선,201,2023,2019,문학동네 신인상,문학동네,신인상,시,12
P0364,진수미,밤의 분명한 사실들,민음사,민음의 시,181,2012,1997,문학동네 신인상,문학동네,신인상,시,2
P0364,진수미,고양이가 키보드를 밟고 지나간 뒤,문학동네,문학동네 시인선,226,2024,1997,문학동네 신인상,문학동네,신인상,시,7
P0362,주원익,있음으로,문학동네,문학동네 시인선,64,2014,2007,문학동네 신인상,문학동네,신인상,시,1
P0347,조동범,카니발,문학동네,문학동네 시인선,10,2011,2002,문학동네 신인상,문학동네,신인상,시,1
P0335,정영,평일의 고해,창비,창비시선,266,2006,2000,문학동네 신인상,문학동네,신인상,시,1
P0314,임유영,오믈렛,문학동네,문학동네 시인선,203,2023,2020,문학동네 신인상,문학동네,신인상,시,18
P0278,이영주,어떤 사랑도 기록하지 말기를,문학과지성사,문학과지성 시인선,532,2019,2000,문학동네 신인상,문학동네,신인상,시,35
P0278,이영주,차가운 사람들,문학과지성사,문학과지성 시인선,448,2014,2000,문학동네 신인상,문학동네,신인상,시,9
P0278,이영주,언니에게,민음사,민음의 시,165,2010,2000,문학동네 신인상,문학동네,신인상,시,12
P0262,이선욱,"탁, 탁, 탁",문학동네,문학동네 시인선,70,2015,2009,문학동네 신인상,문학동네,신인상,시,1
P0206,안현미,사랑은 어느날 수리된다,창비,창비시선,374,2014,2001,문학동네 신인상,문학동네,신인상,시,9
P0178,송승환,당신이 있다면 당신이 있기를,문학동네,문학동네 시인선,120,2019,2003,문학동네 신인상,문학동네,신인상,시,2
P0129,박세랑,뚱한 펭귄처럼 걸어가다 장대비 맞았어,문학동네,문학동네 시인선,165,2021,2018,문학동네 신인상,문학동네,신인상,시,4
P0092,김충규,라일락과 고래와 내 사람,문학동네,문학동네 시인선,37,2013,1998,문학동네 신인상,문학동네,신인상,시,1
P0032,김근,당신이 어두운 세수를 할 때,문학과지성사,문학과지성 시인선,452,2014,1998,문학동네 신인상,문학동네,신인상,시,16
P0032,김근,구름극장에서 만나요,창비,창비시선,293,2008,1998,문학동네 신인상,문학동네,신인상,시,19
P0032,김근,에게서 에게로,문학동네,문학동네 시인선,225,2024,1998,문학동네 신인상,문학동네,신인상,시,8
P0018,구현우,나의 9월은 너의 3월,문학동네,문학동네 시인선,134,2020,2014,문학동네 신인상,문학동네,신인상,시,8
P0002,강성은,Lo-fi,문학과지성사,문학과지성 시인선,511,2018,2005,문학동네 신인상,문학동네,신인상,시,17
P0002,강성은,단지 조금 이상한,문학과지성사,문학과지성 시인선,430,2013,2005,문학동네 신인상,문학동네,신인상,시,10
P0002,강성은,구두를 신고 잠이 들었다,창비,창비시선,303,2009,2005,문학동네 신인상,문학동네,신인상,시,17
P0341,정채원,제 눈으로 제 등을 볼 순 없지만,문학동네,문학동네 시인선,126,2019,1996,문학사상,문학사상,매체 및 문학상,시,1
P0341,정채원,슬픈 갈릴레이의 마을,민음사,민음의 시,147,2008,1996,문학사상,문학사상,매체 및 문학상,시,11
P0213,여태천,감히 슬프지 않을 수 있겠습니까?,민음사,민음의 시,277,2020,2000,문학사상,문학사상,매체 및 문학상,시,1
P0139,박정대,그녀에서 영원까지,문학동네,문학동네 시인선,85,2016,1990,문학사상,문학사상,매체 및 문학상,시,4
P0139,박정대,삶이라는 직업,문학과지성사,문학과지성 시인선,392,2011,1990,문학사상,문학사상,매체 및 문학상,시,3
P0139,박정대,내 청춘의 격렬비열도엔 아직도 음악 같은 눈이 내리지,민음사,민음의 시,104,2001,1990,문학사상,문학사상,매체 및 문학상,시,5
P0117,문혜진,혜성의 냄새,민음사,민음의 시,230,2017,1998,문학사상,문학사상,매체 및 문학상,시,9
P0117,문혜진,검은 표범 여인,민음사,민음의 시,144,2007,1998,문학사상,문학사상,매체 및 문학상,시,7
P0117,문혜진,질 나쁜 연애,민음사,민음의 시,118,2004,1998,문학사상,문학사상,매체 및 문학상,시,12
P0091,김참,그녀는 내 그림 속에서 그녀의 그림을 그려요,문학동네,문학동네 시인선,133,2020,1995,문학사상,문학사상,매체 및 문학상,시,50
P0088,김중식,울지도 못했다,문학과지성사,문학과지성 시인선,513,2020,1990,문학사상,문학사상,매체 및 문학상,시,4
P0067,김연숙,눈부신 꽝,문학동네,문학동네 시인선,75,2015,2002,문학사상,문학사상,매체 및 문학상,시,9
P0021,권박,아름답습니까,문학과지성사,문학과지성 시인선,561,2021,2012,문학사상,문학사상,매체 및 문학상,시,6
P0021,권박,이해할 차례이다,민음사,민음의 시,266,2019,2012,문학사상,문학사상,매체 및 문학상,시,2
P0003,강신애,어떤 사람이 물가에 집을 지을까,문학동네,문학동네 시인선,150,2020,1996,문학사상,문학사상,매체 및 문학상,시,1
P0003,강신애,서랍이 있는 두 겹의 방,창비,창비시선,217,2002,1996,문학사상,문학사상,매체 및 문학상,시,3
P0377,최백규,네가 울어서 꽃은 진다,창비,창비시선,469,2022,2014,문학사상 신인문학상,문학사상,신인상,시,7
P0173,손미,사람을 사랑해도 될까,민음사,민음의 시,256,2019,2009,문학사상 신인문학상,문학사상,신인상,시,1
P0173,손미,양파 공동체,민음사,민음의 시,200,2013,2009,문학사상 신인문학상,문학사상,신인상,시,1
P0330,정끝별,봄이고 첨이고 덤입니다,문학동네,문학동네 시인선,123,2019,1988,문학사상 신인발굴,문학사상,신인상,시,1
P0330,정끝별,와락,창비,창비시선,295,2008,1988,문학사상 신인발굴,문학사상,신인상,시,1
P0330,정끝별,흰 책,민음사,민음의 시,96,2000,1988,문학사상 신인발굴,문학사상,신인상,시,5
P0295,이종민,오늘에게 이름을 붙여주고 싶어,창비,창비시선,465,2021,2015,문학사상 신인상,문학사상,신인상,시,8
P0119,박강,박카스 만세,민음사,민음의 시,194,2013,2007,문학사상 신인상,문학사상,신인상,시,15
P0093,김학중,창세,문학동네,문학동네 시인선,93,2017,2009,문학사상 신인상,문학사상,신인상,시,1
P0011,고영민,햇빛 두개 더,문학동네,문학동네 시인선,222,2024,2002,문학사상 신인상,문학사상,신인상,시,1
P0011,고영민,봄의 정치,창비,창비시선,435,2019,2002,문학사상 신인상,문학사상,신인상,시,1
P0011,고영민,구구,문학동네,문학동네 시인선,73,2015,2002,문학사상 신인상,문학사상,신인상,시,9
P0011,고영민,사슴공원에서,창비,창비시선,354,2012,2002,문학사상 신인상,문학사상,신인상,시,3
P0011,고영민,공손한 손,창비,창비시선,297,2009,2002,문학사상 신인상,문학사상,신인상,시,5
P0131,박소란,심장에 가까운 말,창비,창비시선,386,2015,2009,문학수첩,문학수첩,매체 및 문학상,시,2
P0256,이병일,아흔아홉개의 빛을 가진,창비,창비시선,399,2016,2007,문학수첩 신인상,문학수첩 신인상,신인상,시,1
P0256,이병일,옆구리의 발견,창비,창비시선,350,2012,2007,문학수첩 신인상,문학수첩 신인상,신인상,시,3
P0182,신경림,뿔,창비,창비시선,218,2002,1956,문학예술,문학예술,매체 및 문학상,시,2
P0233,윤성학,쌍칼이라 불러다오,문학동네,문학동네 시인선,40,2013,2002,문화일보 신춘문예,문화일보 신춘문예,신춘문예,시,2
P0106,류근,어떻게든 이별,문학과지성사,문학과지성 시인선,489,2016,1992,문화일보 신춘문예,문화일보 신춘문예,신춘문예,시,2
P0106,류근,상처적 체질,문학과지성사,문학과지성 시인선,375,2010,1992,문화일보 신춘문예,문화일보 신춘문예,신춘문예,시,4
P0381,최영숙,모든 여자의 이름은,창비,창비시선,269,2006,1991,민족과 문학,민족과 문학,매체 및 문학상,시,3
P0121,박규리,이 환장할 봄날에,창비,창비시선,232,2004,1995,민족예술,민족예술,매체 및 문학상,시,6
P0337,정우영,순한 먼지들의 책방,창비,창비시선,498,2024,1989,민중시,민중시,매체 및 문학상,시,4
P0337,정우영,집이 떠나갔다,창비,창비시선,257,2005,1989,민중시,민중시,매체 및 문학상,시,13
P0008,강형철,도선장 불빛 아래 서 있다,창비,창비시선,220,2002,1985,민중시2,민중시,매체 및 문학상,시,4
P0264,이설야,내 얼굴이 도착하지 않았다,창비,창비시선,477,2022,2011,백마라사,백마라사,매체 및 문학상,시,1
P0154,배시은,소공포,민음사,민음의 시,304,2022,2017,베개,베개,매체 및 문학상,시,2
P0348,조말선,이해할 수 없는 점이 마음에 듭니다,문학동네,문학동네 시인선,172,2022,1998,부산일보 신춘문예/현대시학,부산일보 신춘문예,신춘문예,시,34
P0348,조말선,재스민 향기는 어두운 두 개의 콧구멍을 지나서 탄생했다,문학동네,문학동네 시인선,27,2012,1998,부산일보 신춘문예/현대시학,부산일보 신춘문예,신춘문예,시,16
P0348,조말선,둥근 발작,창비,창비시선,267,2006,1998,부산일보 신춘문예/현대시학,부산일보 신춘문예,신춘문예,시,46
P0104,도종환,세시에서 다섯시 사이,창비,창비시선,333,2011,1984,분단시대 동인지,분단시대 동인지,비공식,시,3
P0333,정병근,번개를 치다,문학과지성사,문학과지성 시인선,296,2005,1988,불교문학,불교문학,매체 및 문학상,시,2
P0071,김영태,그늘 반근,문학과지성사,문학과지성 시인선,242,2000,1959,사상계,사상계,매체 및 문학상,시,3
P0383,최재원,백합의 지옥,민음사,민음의 시,325,2024,2019,사이펀,사이펀,매체 및 문학상,시,4
P0112,문동만,그네,창비,창비시선,302,2009,1994,삶 사회 그리고 문학,삶 사회 그리고 문학,매체 및 문학상,시,4
P0225,유진목,작가의 탄생,민음사,민음의 시,275,2020,2016,삼인,삼인,매체 및 문학상,시,2
P0399,함명춘,무명시인,문학동네,문학동네 시인선,74,2015,1991,서울신문 신춘문예,서울신문 신춘문예,신춘문예,시,1
P0336,정영효,날씨가 되기 전까지 안개는 자유로웠고,문학동네,문학동네 시인선,196,2023,2009,서울신문 신춘문예,서울신문 신춘문예,신춘문예,시,8
P0336,정영효,계속 열리는 믿음,문학동네,문학동네 시인선,66,2015,2009,서울신문 신춘문예,서울신문 신춘문예,신춘문예,시,3
P0218,유강희,고백이 참 희망적이네,문학동네,문학동네 시인선,113,2018,1987,서울신문 신춘문예,서울신문 신춘문예,신춘문예,시,1
P0211,여성민,에로틱한 찰리,문학동네,문학동네 시인선,68,2015,2012,서울신문 신춘문예,서울신문 신춘문예,신춘문예,시,13
P0138,박은지,여름 상설 공연,민음사,민음의 시,288,2021,2018,서울신문 신춘문예,서울신문 신춘문예,신춘문예,시,1
P0130,박세미,내가 나일 확률,문학동네,문학동네 시인선,121,2019,2014,서울신문 신춘문예,서울신문 신춘문예,신춘문예,시,1
P0109,류휘석,우리 그때 말했던 거 있잖아,문학동네,문학동네 시인선,206,2023,2019,서울신문 신춘문예,서울신문 신춘문예,신춘문예,시,1
P0086,김준현,자막과 입을 맞추는 영혼,민음사,민음의 시,302,2022,2013,서울신문 신춘문예,서울신문 신춘문예,신춘문예,시,3
P0086,김준현,흰 글씨로 쓰는 것,민음사,민음의 시,232,2017,2013,서울신문 신춘문예,서울신문 신춘문예,신춘문예,시,1
P0040,김미령,우리가 동시에 여기 있다는 소문,민음사,민음의 시,281,2021,2005,서울신문 신춘문예,서울신문 신춘문예,신춘문예,시,2
P0040,김미령,파도의 새로운 양상,민음사,민음의 시,231,2017,2005,서울신문 신춘문예,서울신문 신춘문예,신춘문예,시,2
P0039,김명수,아기는 성이 없고,창비,창비시선,197,2000,1977,서울신문 신춘문예,서울신문 신춘문예,신춘문예,시,1
P0373,최규승,처럼처럼,문학과지성사,문학과지성 시인선,420,2013,2000,서정시학 신인상,서정시학 신인상,신인상,시,6
P0386,최종천,나의 밥그릇이 빛난다,창비,창비시선,273,2007,1986,세계의문학,세계의문학,매체 및 문학상,시,3
P0355,조은,생의 빛살,문학과지성사,문학과지성 시인선,374,2010,1988,세계의문학,세계의문학,매체 및 문학상,시,2
P0355,조은,따듯한 흙,문학과지성사,문학과지성 시인선,280,2003,1988,세계의문학,세계의문학,매체 및 문학상,시,5
P0324,장옥관,사람이 없었다고 한다,문학동네,문학동네 시인선,185,2022,1987,세계의문학,세계의문학,매체 및 문학상,시,6
P0324,장옥관,그 겨울 나는 북벽에서 살았다,문학동네,문학동네 시인선,36,2013,1987,세계의문학,세계의문학,매체 및 문학상,시,8
P0283,이원,사랑은 탄생하라,문학과지성사,문학과지성 시인선,501,2017,1992,세계의문학,세계의문학,매체 및 문학상,시,2
P0283,이원,불가능한 종이의 역사,문학과지성사,문학과지성 시인선,418,2012,1992,세계의문학,세계의문학,매체 및 문학상,시,6
P0283,이원,세상에서 가장 가벼운 오토바이,문학과지성사,문학과지성 시인선,334,2007,1992,세계의문학,세계의문학,매체 및 문학상,시,20
P0283,이원,야후!의 강물에 천 개의 달이 뜬다,문학과지성사,문학과지성 시인선,255,2001,1992,세계의문학,세계의문학,매체 및 문학상,시,1
P0240,윤희상,"이미, 서로 알고 있었던 것처럼",문학동네,문학동네 시인선,57,2014,1989,세계의문학,세계의문학,매체 및 문학상,시,4
P0204,안정옥,그러나 돌아서면 그만이다,문학동네,문학동네 시인선,99,2017,1990,세계의문학,세계의문학,매체 및 문학상,시,13
P0179,송재학,"아침이 부탁했다, 결혼식을",문학동네,문학동네 시인선,169,2022,1986,세계의문학,세계의문학,매체 및 문학상,시,24
P0179,송재학,슬프다 풀 끗혜 이슬,문학과지성사,문학과지성 시인선,525,2019,1986,세계의문학,세계의문학,매체 및 문학상,시,23
P0179,송재학,검은색,문학과지성사,문학과지성 시인선,473,2015,1986,세계의문학,세계의문학,매체 및 문학상,시,34
P0179,송재학,내간체를 얻다,문학동네,문학동네 시인선,3,2011,1986,세계의문학,세계의문학,매체 및 문학상,시,20
P0163,서동욱,곡면의 힘,민음사,민음의 시,223,2016,1995,세계의문학,세계의문학,매체 및 문학상,시,2
P0163,서동욱,우주전쟁 중에 첫사랑,민음사,민음의 시,157,2009,1995,세계의문학,세계의문학,매체 및 문학상,시,8
P0075,김윤배,혹독한 기다림 위에 있다,문학과지성사,문학과지성 시인선,331,2007,1986,세계의문학,세계의문학,매체 및 문학상,시,4
P0075,김윤배,부론에서 길을 잃다,문학과지성사,문학과지성 시인선,258,2001,1986,세계의문학,세계의문학,매체 및 문학상,시,1
P0050,김상혁,우리 둘에게 큰일은 일어나지 않는다,문학동네,문학동네 시인선,192,2023,2009,세계의문학,세계의문학,매체 및 문학상,시,9
P0050,김상혁,다만 이야기가 남았네,문학동네,문학동네 시인선,86,2016,2009,세계의문학,세계의문학,매체 및 문학상,시,11
P0050,김상혁,이 집에서 슬픔은 안 된다,민음사,민음의 시,192,2013,2009,세계의문학,세계의문학,매체 및 문학상,시,11
P0012,고진하,명랑의 둘레,문학동네,문학동네 시인선,76,2015,1987,세계의문학,세계의문학,매체 및 문학상,시,1
P0012,고진하,얼음수도원,민음사,민음의 시,100,2001,1987,세계의문학,세계의문학,매체 및 문학상,시,2
P0007,강지혜,이건 우리만의 비밀이지?,민음사,민음의 시,297,2022,2013,세계의문학,세계의문학,매체 및 문학상,시,2
P0169,성기완,빛과 이름,문학과지성사,문학과지성 시인선,592,2023,1994,세계의문학 가을호,세계의문학,매체 및 문학상,시,3
P0169,성기완,ㄹ,민음사,민음의 시,186,2012,1994,세계의문학 가을호,세계의문학,매체 및 문학상,시,2
P0169,성기완,당신의 텍스트,문학과지성사,문학과지성 시인선,349,2008,1994,세계의문학 가을호,세계의문학,매체 및 문학상,시,4
P0169,성기완,유리 이야기,문학과지성사,문학과지성 시인선,277,2003,1994,세계의문학 가을호,세계의문학,매체 및 문학상,시,37
P0388,최지인,나는 벽에 붙어 잤다,민음사,민음의 시,238,2017,2013,세계의문학 신인상,세계의문학,신인상,시,2
P0315,임정민,좋아하는 것들을 죽여 가면서,민음사,민음의 시,289,2021,2015,세계의문학 신인상,세계의문학,신인상,시,10
P0200,심지아,신발의 눈을 꼭 털어주세요,문학과지성사,문학과지성 시인선,584,2023,2010,세계의문학 신인상,세계의문학,신인상,시,2
P0200,심지아,로라와 로라,민음사,민음의 시,249,2018,2010,세계의문학 신인상,세계의문학,신인상,시,3
P0176,송기영,써칭 포 캔디맨,민음사,민음의 시,282,2021,2008,세계의문학 신인상,세계의문학,신인상,시,19
P0176,송기영,.zip,민음사,민음의 시,198,2013,2008,세계의문학 신인상,세계의문학,신인상,시,13
P0170,성동혁,6,민음사,민음의 시,204,2014,2011,세계의문학 신인상,세계의문학,신인상,시,5
P0090,김지녀,방금 기이한 새소리를 들었다,민음사,민음의 시,276,2020,2007,세계의문학 신인상,세계의문학,신인상,시,2
P0090,김지녀,양들의 사회학,문학과지성사,문학과지성 시인선,449,2014,2007,세계의문학 신인상,세계의문학,신인상,시,2
P0090,김지녀,시소의 감정,민음사,민음의 시,158,2009,2007,세계의문학 신인상,세계의문학,신인상,시,2
P0277,이영재,나는 되어가는 기분이다,창비,창비시선,439,2020,2014,세계일보 신춘문예,세계일보 신춘문예,신춘문예,시,2
P0239,윤진화,우리의 야생 소녀,문학동네,문학동네 시인선,12,2011,2005,세계일보 신춘문예,세계일보 신춘문예,신춘문예,시,8
P0194,신해욱,무족영원,문학과지성사,문학과지성 시인선,535,2019,1998,세계일보 신춘문예,세계일보 신춘문예,신춘문예,시,3
P0161,변혜지,멸망한 세계에서 살아남는 법,문학과지성사,문학과지성 시인선,593,2024,2021,세계일보 신춘문예,세계일보 신춘문예,신춘문예,시,5
P0161,변혜지,멸망한 세계에서 살아남는 법,문학과지성사,문학과지성 시인선,593,2023,2021,세계일보 신춘문예,세계일보 신춘문예,신춘문예,시,5
P0001,강보원,완벽한 개업 축하 시,민음사,민음의 시,284,2021,2016,세계일보 신춘문예,세계일보 신춘문예,신춘문예,평론,5
P0329,전동균,한밤의 이마에 얹히는 손,문학동네,문학동네 시인선,218,2024,1986,소설문학사 신인상,소설문학사 신인상,신인상,시,3
P0329,전동균,당신이 없는 곳에서 당신과 함께,창비,창비시선,432,2019,1986,소설문학사 신인상,소설문학사 신인상,신인상,시,1
P0329,전동균,우리처럼 낯선,창비,창비시선,375,2014,1986,소설문학사 신인상,소설문학사 신인상,신인상,시,3
P0308,이희중,나는 나를 간질일 수 없다,문학동네,문학동네 시인선,98,2017,1987,시 발표 시작,시 발표 시작,비공식,시,5
P0101,남길순,한밤의 트램펄린,창비,창비시선,497,2024,2012,시로여는세상,시로여는세상,매체 및 문학상,시,8
P0019,권기만,발 달린 벌,문학동네,문학동네 시인선,72,2015,2012,시산맥,시산맥,매체 및 문학상,시,10
P0257,이병초,까치독사,창비,창비시선,397,2016,1998,시안 신인상,시안 신인상,신인상,시,4
P0120,박경희,그늘을 걷어내던 사람,창비,창비시선,436,2019,2001,시안 신인상,시안 신인상,신인상,시,17
P0120,박경희,미나리아재비,창비,창비시선,506,2024,2001,시안 신인상,시안 신인상,신인상,시,4
P0110,리산,"메르시, 이대로 계속 머물러주세요",창비,창비시선,416,2017,2006,시안 신인상,시안 신인상,신인상,시,1
P0110,리산,쓸모없는 노력의 박물관,문학동네,문학동네 시인선,43,2013,2006,시안 신인상,시안 신인상,신인상,시,5
P0047,김사인,어린 당나귀 곁에서,창비,창비시선,382,2015,1981,시와 경제 동인,시와 경제 동인,비공식,시,1
P0047,김사인,가만히 좋아하는,창비,창비시선,262,2006,1981,시와 경제 동인,시와 경제 동인,비공식,시,1
P0144,박지혜,햇빛,문학과지성사,문학과지성 시인선,461,2014,2010,시와 반시,시와반시,매체 및 문학상,시,20
P0105,류경무,양이나 말처럼,문학동네,문학동네 시인선,79,2015,1999,시와 반시,시와반시,매체 및 문학상,시,4
P0051,김석영,돌을 쥐려는 사람에게,민음사,민음의 시,306,2022,2015,시와 반시,시와반시,매체 및 문학상,시,5
P0044,김박은경,못 속에는 못 속이는 이야기,문학동네,문학동네 시인선,148,2020,2002,시와 반시,시와반시,매체 및 문학상,시,41
P0350,조민,구멍만 남은 도넛,민음사,민음의 시,236,2017,2004,시와 사상,시와사상,매체 및 문학상,시,8
P0350,조민,조용한 회화 가족 No.1,민음사,민음의 시,167,2010,2004,시와 사상,시와사상,매체 및 문학상,시,12
P0185,신동옥,밤이 계속될 거야,민음사,민음의 시,261,2019,2001,시와반시,시와반시,매체 및 문학상,시,4
P0185,신동옥,웃고 춤추고 여름하라,문학동네,문학동네 시인선,29,2012,2001,시와반시,시와반시,매체 및 문학상,시,2
P0027,김개미,작은 신,문학동네,문학동네 시인선,190,2023,2005,시와반시,시와반시,매체 및 문학상,시,10
P0027,김개미,자면서도 다 듣는 애인아,문학동네,문학동네 시인선,91,2017,2005,시와반시,시와반시,매체 및 문학상,시,4
P0229,유홍준,저녁의 슬하,창비,창비시선,330,2011,1998,시와반시 신인상,시와반시,신인상,시,4
P0229,유홍준,"나는, 웃는다",창비,창비시선,268,2006,1998,시와반시 신인상,시와반시,신인상,시,15
P0273,이승희,작약은 물속에서 더 환한데,문학동네,문학동네 시인선,217,2024,1997,시와사람,시와사람,매체 및 문학상,시,13
P0273,이승희,거짓말처럼 맨드라미가,문학동네,문학동네 시인선,30,2012,1997,시와사람,시와사람,매체 및 문학상,시,20
P0273,이승희,저녁을 굶은 달을 본 적이 있다,창비,창비시선,258,2006,1997,시와사람,시와사람,매체 및 문학상,시,3
P0142,박지웅,나비가면,문학동네,문학동네 시인선,157,2021,2004,시와사상 신인상,시와사상,신인상,시,7
P0142,박지웅,구름과 집 사이를 걸었다,문학동네,문학동네 시인선,33,2012,2004,시와사상 신인상,시와사상,신인상,시,2
P0064,김언,백지에게,민음사,민음의 시,285,2021,1998,시와사상 신인상,시와사상,신인상,시,32
P0064,김언,한 문장,문학과지성사,문학과지성 시인선,504,2018,1998,시와사상 신인상,시와사상,신인상,시,33
P0064,김언,너의 알다가도 모를 마음,문학동네,문학동네 시인선,102,2018,1998,시와사상 신인상,시와사상,신인상,시,29
P0064,김언,모두가 움직인다,문학과지성사,문학과지성 시인선,431,2013,1998,시와사상 신인상,시와사상,신인상,시,5
P0064,김언,소설을 쓰자,민음사,민음의 시,155,2009,1998,시와사상 신인상,시와사상,신인상,시,3
P0162,서대경,백치는 대기를 느낀다,문학동네,문학동네 시인선,24,2012,2004,시와세계,시와세계,매체 및 문학상,시,6
P0078,김이강,트램을 타고,문학과지성사,문학과지성 시인선,596,2024,2006,시와세계,시와세계,매체 및 문학상,시,2
P0078,김이강,타이피스트,민음사,민음의 시,250,2018,2006,시와세계,시와세계,매체 및 문학상,시,1
P0078,김이강,당신 집에서 잘 수 있나요?,문학동네,문학동네 시인선,26,2012,2006,시와세계,시와세계,매체 및 문학상,시,1
P0107,류인서,놀이터,문학과지성사,문학과지성 시인선,521,2019,2001,시와시학,시와시학,매체 및 문학상,시,1
P0107,류인서,그는 늘 왼쪽에 앉는다,창비,창비시선,243,2005,2001,시와시학,시와시학,매체 및 문학상,시,2
P0344,정한용,거짓말의 탄생,문학동네,문학동네 시인선,78,2015,1985,시운동,시운동,매체 및 문학상,시,10
P0344,정한용,유령들,민음사,민음의 시,176,2011,1985,시운동,시운동,매체 및 문학상,시,1
P0122,박남준,적막,창비,창비시선,256,2005,1984,시인 (지),시인 (지),매체 및 문학상,시,1
P0099,김희준,"언니의 나라에선 누구도 시들지 않기 때문,",문학동네,문학동네 시인선,146,2020,2017,시인동네,시인동네,매체 및 문학상,시,9
P0168,서효인,나는 나를 사랑해서 나를 혐오하고,문학동네,문학동네 시인선,171,2022,2006,시인세계 신인상,시인세계 신인상,신인상,시,1
P0168,서효인,여수,문학과지성사,문학과지성 시인선,494,2017,2006,시인세계 신인상,시인세계 신인상,신인상,시,48
P0168,서효인,백 년동안의 세계대전,민음사,민음의 시,179,2011,2006,시인세계 신인상,시인세계 신인상,신인상,시,11
P0168,서효인,소년 파르티잔 행동 지침,민음사,민음의 시,166,2010,2006,시인세계 신인상,시인세계 신인상,신인상,시,7
P0137,박은정,밤과 꿈의 뉘앙스,민음사,민음의 시,268,2020,2011,시인세계 신인상,시인세계 신인상,신인상,시,15
P0137,박은정,아무도 모르게 어른이 되어,문학동네,문학동네 시인선,69,2015,2011,시인세계 신인상,시인세계 신인상,신인상,시,15
P0048,김산,키키,민음사,민음의 시,178,2011,2007,시인세계 신인상,시인세계 신인상,신인상,시,12
P0025,기혁,소피아 로렌의 시간,문학과지성사,문학과지성 시인선,518,2018,2010,시인세계 신인상,시인세계 신인상,신인상,시,3
P0025,기혁,모스크바예술극장의 기립 박수,민음사,민음의 시,206,2014,2010,시인세계 신인상,시인세계 신인상,신인상,시,3
P0404,허주영,다들 모였다고 하지만 내가 없잖아,민음사,민음의 시,314,2023,2019,시인수첩,시인수첩,매체 및 문학상,시,2
P0153,배수연,조이와의 키스,민음사,민음의 시,244,2018,2013,시인수첩,시인수첩,매체 및 문학상,시,9
P0153,배수연,여름의 힌트와 거위들,문학과지성사,문학과지성 시인선,609,2024,2013,시인수첩,시인수첩,매체 및 문학상,시,1
P0313,임원묵,개와 늑대와 도플갱어 숲,민음사,민음의 시,324,2024,2022,시작 신인상,시작 신인상,신인상,시,3
P0052,김선오,세트장,문학과지성사,문학과지성 시인선,569,2022,2020,시집 출간 (나이트 사커),시집 출간 (나이트 사커),비공식,시,9
P0046,김사이,나는 아무것도 안하고 있다고 한다,창비,창비시선,427,2018,2002,시평,시평,매체 및 문학상,시,8
P0401,허수경,누구도 기억하지 않는 역에서,문학과지성사,문학과지성 시인선,490,2016,1987,실천문학,실천문학,매체 및 문학상,시,1
P0401,허수경,청동의 시간 감자의 시간,문학과지성사,문학과지성 시인선,309,2005,1987,실천문학,실천문학,매체 및 문학상,시,15
P0401,허수경,내 영혼은 오래되었으나,창비,창비시선,203,2001,1987,실천문학,실천문학,매체 및 문학상,시,11
P0385,최정진,버스에 아는 사람이 탄 것 같다,문학과지성사,문학과지성 시인선,537,2020,2007,실천문학,실천문학,매체 및 문학상,시,4
P0385,최정진,동경,창비,창비시선,337,2011,2007,실천문학,실천문학,매체 및 문학상,시,4
P0141,박준,우리가 함께 장마를 볼 수도 있겠습니다,문학과지성사,문학과지성 시인선,519,2018,2008,실천문학,실천문학,매체 및 문학상,시,15
P0141,박준,당신의 이름을 지어다가 며칠은 먹었다,문학동네,문학동네 시인선,32,2012,2008,실천문학,실천문학,매체 및 문학상,시,13
P0403,허은실,회복기,문학동네,문학동네 시인선,181,2022,2010,실천문학 신인상,실천문학,신인상,시,2
P0403,허은실,나는 잠깐 설웁다,문학동네,문학동네 시인선,90,2017,2010,실천문학 신인상,실천문학,신인상,시,5
P0280,이용한,낮에는 낮잠 밤에는 산책,문학동네,문학동네 시인선,115,2018,1995,실천문학 신인상,실천문학,신인상,시,8
P0267,이세기,언 손,창비,창비시선,320,2010,1998,실천문학 신인상,실천문학,신인상,시,1
P0077,김은지,여름 외투,문학동네,문학동네 시인선,193,2023,2016,실천문학 신인상,실천문학,신인상,시,1
P0374,최두석,두루미의 잠,문학과지성사,문학과지성 시인선,586,2023,1980,심상,심상,매체 및 문학상,시,1
P0374,최두석,숨살이꽃,문학과지성사,문학과지성 시인선,505,2018,1980,심상,심상,매체 및 문학상,시,1
P0374,최두석,투구꽃,창비,창비시선,307,2009,1980,심상,심상,매체 및 문학상,시,1
P0258,이상국,저물어도 돌아갈 줄 모르는 사람,창비,창비시선,456,2021,1976,심상,심상,매체 및 문학상,시,2
P0258,이상국,달은 아직 그 달이다,창비,창비시선,398,2016,1976,심상,심상,매체 및 문학상,시,2
P0406,홍일표,나는 노래를 가지러 왔다,문학동네,문학동네 시인선,103,2018,1988,심상 신인상,심상,신인상,시,3
P0174,손월언,마르세유에서 기다린다,문학동네,문학동네 시인선,44,2013,1989,심상 신인상,심상,신인상,시,1
P0115,문인수,나는 지금 이곳이 아니다,창비,창비시선,427,2015,1985,심상 신인상,심상,신인상,시,8
P0115,문인수,나는 지금 이곳이 아니다,창비,창비시선,421,2015,1985,심상 신인상,심상,신인상,시,8
P0115,문인수,나는 지금 이곳이 아니다,창비,창비시선,415,2015,1985,심상 신인상,심상,신인상,시,8
P0115,문인수,나는 지금 이곳이 아니다,창비,창비시선,409,2015,1985,심상 신인상,심상,신인상,시,8
P0115,문인수,나는 지금 이곳이 아니다,창비,창비시선,403,2015,1985,심상 신인상,심상,신인상,시,8
P0115,문인수,나는 지금 이곳이 아니다,창비,창비시선,397,2015,1985,심상 신인상,심상,신인상,시,8
P0115,문인수,나는 지금 이곳이 아니다,창비,창비시선,391,2015,1985,심상 신인상,심상,신인상,시,8
P0115,문인수,나는 지금 이곳이 아니다,창비,창비시선,385,2015,1985,심상 신인상,심상,신인상,시,8
P0115,문인수,적막 소리,창비,창비시선,340,2012,1985,심상 신인상,심상,신인상,시,4
P0115,문인수,배꼽,창비,창비시선,286,2008,1985,심상 신인상,심상,신인상,시,3
P0183,신달자,살 흐르다,민음사,민음의 시,203,2014,1964,여상 여류신인문학상,여상 여류신인문학상,신인상,시,2
P0060,김수영,오랜 밤 이야기,창비,창비시선,201,2000,1945,예술부락,예술부락,매체 및 문학상,시,2
P0368,채인숙,여름 가고 여름,민음사,민음의 시,313,2023,2015,오장환신인문학상,오장환신인문학상,신인상,시,4
P0217,위선환,시작하는 빛,문학과지성사,문학과지성 시인선,522,2019,1960,용아문학상,용아문학상,매체 및 문학상,시,4
P0217,위선환,수평을 가리키다,문학과지성사,문학과지성 시인선,458,2014,1960,용아문학상,용아문학상,매체 및 문학상,시,9
P0217,위선환,두근거리다,문학과지성사,문학과지성 시인선,371,2010,1960,용아문학상,용아문학상,매체 및 문학상,시,7
P0217,위선환,새떼를 베끼다,문학과지성사,문학과지성 시인선,329,2007,1960,용아문학상,용아문학상,매체 및 문학상,시,9
P0181,송찬호,"붉은 눈, 동백",문학과지성사,문학과지성 시인선,239,2000,1987,우리 시대의 문학,우리 시대의 문학,매체 및 문학상,시,2
P0405,허형만,황홀,민음사,민음의 시,243,2018,1973,월간문학,월간문학,매체 및 문학상,시,6
P0321,장석주,꿈속에서 우는 사람,문학동네,문학동네 시인선,208,2024,1975,월간문학 신인상,월간문학,신인상,시,1
P0321,장석주,헤어진 사람의 품에 얼굴을 묻고 울었다,문학동네,문학동네 시인선,116,2019,1975,월간문학 신인상,월간문학,신인상,시,3
P0321,장석주,몽해항로,민음사,민음의 시,161,2010,1975,월간문학 신인상,월간문학,신인상,시,1
P0103,노향림,푸른 편지,창비,창비시선,433,2019,1970,월간문학 신인상,월간문학,신인상,시,6
P0274,이시영,나비가 돌아왔다,문학과지성사,문학과지성 시인선,560,2021,1969,월간문학 신인작품공모,월간문학,신인상,시,22
P0274,이시영,하동,창비,창비시선,414,2017,1969,월간문학 신인작품공모,월간문학,신인상,시,31
P0274,이시영,호야네 말,창비,창비시선,373,2014,1969,월간문학 신인작품공모,월간문학,신인상,시,35
P0274,이시영,경찰은 그들을 사람으로 보지 않았다,창비,창비시선,341,2012,1969,월간문학 신인작품공모,월간문학,신인상,시,41
P0274,이시영,우리의 죽은 자들을 위해,창비,창비시선,277,2007,1969,월간문학 신인작품공모,월간문학,신인상,시,66
P0274,이시영,은빛 호각,창비,창비시선,230,2003,1969,월간문학 신인작품공모,월간문학,신인상,시,51
P0398,함기석,음시,문학동네,문학동네 시인선,168,2022,1992,작가세계,작가세계,매체 및 문학상,시,3
P0398,함기석,오렌지 기하학,문학동네,문학동네 시인선,22,2012,1992,작가세계,작가세계,매체 및 문학상,시,2
P0370,천서봉,수요일은 어리고 금요일은 너무 늙어,문학동네,문학동네 시인선,198,2023,2005,작가세계,작가세계,매체 및 문학상,시,6
P0370,천서봉,서봉 씨의 가방,문학동네,문학동네 시인선,13,2011,2005,작가세계,작가세계,매체 및 문학상,시,6
P0340,정재학,아빠가 시인인 건 아는데 시가 뭐야?,문학동네,문학동네 시인선,174,2022,1996,작가세계,작가세계,매체 및 문학상,시,30
P0340,정재학,모음들이 쏟아진다,창비,창비시선,376,2014,1996,작가세계,작가세계,매체 및 문학상,시,23
P0340,정재학,광대 소녀의 거꾸로 도는 지구,민음사,민음의 시,146,2008,1996,작가세계,작가세계,매체 및 문학상,시,24
P0340,정재학,어머니가 촛불로 밥을 지으신다,민음사,민음의 시,116,2004,1996,작가세계,작가세계,매체 및 문학상,시,25
P0251,이만식,나는 정말 아주 다르다,민음사,민음의 시,127,2005,1992,작가세계,작가세계,매체 및 문학상,시,16
P0199,심재휘,그래요 그러니까 우리 강릉으로 가요,창비,창비시선,468,2022,1997,작가세계,작가세계,매체 및 문학상,시,4
P0199,심재휘,용서를 배울 만한 시간,문학동네,문학동네 시인선,108,2018,1997,작가세계,작가세계,매체 및 문학상,시,2
P0049,김상미,갈수록 자연이 되어가는 여자,문학동네,문학동네 시인선,183,2022,1990,작가세계,작가세계,매체 및 문학상,시,12
P0049,김상미,우린 아무 관계도 아니에요,문학동네,문학동네 시인선,92,2017,1990,작가세계,작가세계,매체 및 문학상,시,17
P0125,박상순,Love Adagio,민음사,민음의 시,121,2004,1991,작가세계 봄호,작가세계,매체 및 문학상,시,1
P0191,신용목,누군가가 누군가를 부르면 내가 돌아보았다,창비,창비시선,411,2017,2000,작가세계 신인상,작가세계,신인상,시,1
P0191,신용목,아무 날의 도시,문학과지성사,문학과지성 시인선,416,2012,2000,작가세계 신인상,작가세계,신인상,시,6
P0191,신용목,바람의 백만번째 어금니,창비,창비시선,278,2007,2000,작가세계 신인상,작가세계,신인상,시,4
P0191,신용목,그 바람을 다 걸어야 한다,문학과지성사,문학과지성 시인선,290,2004,2000,작가세계 신인상,작가세계,신인상,시,8
P0134,박시하,우리의 대화는 이런 것입니다,문학동네,문학동네 시인선,80,2016,2008,작가세계 신인상,작가세계,신인상,시,1
P0095,김현,다 먹을 때쯤 영원의 머리가 든 매운탕이 나온다,문학동네,문학동네 시인선,162,2021,2009,작가세계 신인상,작가세계,신인상,시,3
P0095,김현,글로리홀,문학과지성사,문학과지성 시인선,453,2014,2009,작가세계 신인상,작가세계,신인상,시,8
P0000,강기원,다만 보라를 듣다,민음사,민음의 시,292,2021,1997,작가세계 신인상,작가세계,신인상,시,4
P0000,강기원,지중해의 피,민음사,민음의 시,217,2015,1997,작가세계 신인상,작가세계,신인상,시,8
P0000,강기원,은하가 은하를 관통하는 밤,민음사,민음의 시,162,2010,1997,작가세계 신인상,작가세계,신인상,시,2
P0000,강기원,바다로 가득 찬 책,민음사,민음의 시,137,2006,1997,작가세계 신인상,작가세계,신인상,시,2
P0269,이수명,물류창고,문학과지성사,문학과지성 시인선,510,2018,1994,작가세계 신인상 (겨울호),작가세계,신인상,시,8
P0269,이수명,마치,문학과지성사,문학과지성 시인선,450,2014,1994,작가세계 신인상 (겨울호),작가세계,신인상,시,7
P0269,이수명,언제나 너무 많은 비들,문학과지성사,문학과지성 시인선,399,2011,1994,작가세계 신인상 (겨울호),작가세계,신인상,시,7
P0269,이수명,고양이 비디오를 보는 고양이,문학과지성사,문학과지성 시인선,289,2004,1994,작가세계 신인상 (겨울호),작가세계,신인상,시,13
P0269,이수명,붉은 담장의 커브,민음사,민음의 시,103,2001,1994,작가세계 신인상 (겨울호),작가세계,신인상,시,19
P0407,황규관,이번 차는 그냥 보내자,문학동네,문학동네 시인선,128,2019,1993,전태일문학상,전태일문학상,매체 및 문학상,시,2
P0250,이동우,서로의 우는 소리를 배운 건 우연이었을까,창비,창비시선,486,2023,2015,전태일문학상,전태일문학상,매체 및 문학상,시,1
P0328,장현,22 : Chae Mi Hee,문학과지성사,문학과지성 시인선,541,2020,2019,제1회 박상륭상,제1회 박상륭상,매체 및 문학상,시,3
P0391,최현우,사람은 왜 만질 수 없는 날씨를 살게 되나요,문학동네,문학동네 시인선,132,2020,2014,조선일보 신춘문예,조선일보 신춘문예,신춘문예,시,6
P0389,최하림,풍경 뒤의 풍경,문학과지성사,문학과지성 시인선,254,2001,1964,조선일보 신춘문예,조선일보 신춘문예,신춘문예,시,3
P0371,천수호,수건은 젖고 댄서는 마른다,문학동네,문학동네 시인선,149,2020,2003,조선일보 신춘문예,조선일보 신춘문예,신춘문예,시,3
P0371,천수호,우울은 허밍,문학동네,문학동네 시인선,59,2014,2003,조선일보 신춘문예,조선일보 신춘문예,신춘문예,시,1
P0371,천수호,아주 붉은 현기증,민음사,민음의 시,153,2009,2003,조선일보 신춘문예,조선일보 신춘문예,신춘문예,시,3
P0345,정현우,나는 천사에게 말을 배웠지,창비,창비시선,452,2021,2015,조선일보 신춘문예,조선일보 신춘문예,신춘문예,시,10
P0230,유희경,우리에게 잠시 신이었던,문학과지성사,문학과지성 시인선,508,2018,2008,조선일보 신춘문예,조선일보 신춘문예,신춘문예,시,18
P0230,유희경,오늘 아침 단어,문학과지성사,문학과지성 시인선,393,2011,2008,조선일보 신춘문예,조선일보 신춘문예,신춘문예,시,10
P0220,유수연,사랑하고 선량하게 잦아드네,문학동네,문학동네 시인선,224,2024,2017,조선일보 신춘문예,조선일보 신춘문예,신춘문예,시,10
P0220,유수연,기분은 노크하지 않는다,창비,창비시선,485,2023,2017,조선일보 신춘문예,조선일보 신춘문예,신춘문예,시,3
P0196,심보선,오늘은 잘 모르겠어,문학과지성사,문학과지성 시인선,499,2017,1994,조선일보 신춘문예,조선일보 신춘문예,신춘문예,시,1
P0196,심보선,눈앞에 없는 사람,문학과지성사,문학과지성 시인선,397,2011,1994,조선일보 신춘문예,조선일보 신춘문예,신춘문예,시,2
P0196,심보선,슬픔이 없는 십오 초,문학과지성사,문학과지성 시인선,346,2008,1994,조선일보 신춘문예,조선일보 신춘문예,신춘문예,시,11
P0193,신철규,심장보다 높이,창비,창비시선,473,2022,2011,조선일보 신춘문예,조선일보 신춘문예,신춘문예,시,3
P0193,신철규,지구만큼 슬펐다고 한다,문학동네,문학동네 시인선,96,2017,2011,조선일보 신춘문예,조선일보 신춘문예,신춘문예,시,2
P0184,신대철,바이칼 키스,문학과지성사,문학과지성 시인선,332,2007,1968,조선일보 신춘문예,조선일보 신춘문예,신춘문예,시,1
P0184,신대철,누구인지 몰라도 그대를 사랑한다,창비,창비시선,242,2005,1968,조선일보 신춘문예,조선일보 신춘문예,신춘문예,시,2
P0184,신대철,개마고원에서 온 친구에게,문학과지성사,문학과지성 시인선,249,2000,1968,조선일보 신춘문예,조선일보 신춘문예,신춘문예,시,1
P0118,민구,배가 산으로 간다,문학동네,문학동네 시인선,65,2014,2009,조선일보 신춘문예,조선일보 신춘문예,신춘문예,시,2
P0076,김윤이,흑발 소녀의 누드 속에는,창비,창비시선,328,2011,2007,조선일보 신춘문예,조선일보 신춘문예,신춘문예,시,3
P0009,고명재,우리가 키스할 때 눈을 감는 건,문학동네,문학동네 시인선,184,2022,2020,조선일보 신춘문예,조선일보 신춘문예,신춘문예,시,7
P0004,강우근,너와 바꿔 부를 수 있는 것,창비,창비시선,496,2024,2020,조선일보 신춘문예,조선일보 신춘문예,신춘문예,시,2
P0285,이윤설,누가 지금 내 생각을 하는가,문학동네,문학동네 시인선,163,2021,2006,조선일보 신춘문예/세계일보 신춘문예,조선일보 신춘문예,신춘문예,시,4
P0299,이찬,발아래 비의 눈들이 모여 나를 씻을 수 있다면,문학과지성사,문학과지성 시인선,274,2003,1927,조선일보 학생문예,조선일보 학생문예,비공식,시,39
P0354,조용우,세컨드핸드,민음사,민음의 시,310,2023,2019,중앙신인문학상,중앙신인문학상,신인상,시,8
P0323,장승리,반과거,문학과지성사,문학과지성 시인선,531,2019,2002,중앙신인문학상,중앙신인문학상,신인상,시,2
P0323,장승리,습관성 겨울,민음사,민음의 시,148,2008,2002,중앙신인문학상,중앙신인문학상,신인상,시,12
P0311,임솔아,괴괴한 날씨와 착한 사람들,문학과지성사,문학과지성 시인선,495,2017,2013,중앙신인문학상,중앙신인문학상,신인상,시,1
P0309,임경섭,종종,민음사,민음의 시,328,2024,2008,중앙신인문학상,중앙신인문학상,신인상,시,1
P0306,이혜미,빛의 자격을 얻어,문학과지성사,문학과지성 시인선,557,2021,2006,중앙신인문학상,중앙신인문학상,신인상,시,3
P0306,이혜미,뜻밖의 바닐라,문학과지성사,문학과지성 시인선,491,2016,2006,중앙신인문학상,중앙신인문학상,신인상,시,2
P0306,이혜미,보라의 바깥,창비,창비시선,335,2011,2006,중앙신인문학상,중앙신인문학상,신인상,시,1
P0223,유이우,내가 정말이라면,창비,창비시선,434,2019,2014,중앙신인문학상,중앙신인문학상,신인상,시,1
P0135,박연준,"아버지는 나를 처제, 하고 불렀다",문학동네,문학동네 시인선,28,2012,2004,중앙신인문학상,중앙신인문학상,신인상,시,1
P0135,박연준,속눈썹이 지르는 비명,창비,창비시선,271,2007,2004,중앙신인문학상,중앙신인문학상,신인상,시,2
P0113,문보영,모래비가 내리는 모래 서점,문학동네,문학동네 시인선,197,2023,2016,중앙신인문학상,중앙신인문학상,신인상,시,7
P0113,문보영,책기둥,민음사,민음의 시,242,2017,2016,중앙신인문학상,중앙신인문학상,신인상,시,5
P0006,강지이,수평으로 함께 잠겨보려고,창비,창비시선,462,2021,2017,중앙신인문학상,중앙신인문학상,신인상,시,3
P0149,박태일,달래는 몽골 말로 바다,문학동네,문학동네 시인선,49,2013,1980,중앙일보 신춘문예,중앙일보 신춘문예,신춘문예,시,1
P0149,박태일,풀나라,문학과지성사,문학과지성 시인선,263,2002,1980,중앙일보 신춘문예,중앙일보 신춘문예,신춘문예,시,1
P0127,박성우,웃는 연습,창비,창비시선,413,2017,2000,중앙일보 신춘문예,중앙일보 신춘문예,신춘문예,시,1
P0127,박성우,자두나무 정류장,창비,창비시선,338,2011,2000,중앙일보 신춘문예,중앙일보 신춘문예,신춘문예,시,3
P0127,박성우,가뜬한 잠,창비,창비시선,274,2007,2000,중앙일보 신춘문예,중앙일보 신춘문예,신춘문예,시,1
P0100,나희덕,야생사과,창비,창비시선,301,2009,1989,중앙일보 신춘문예,중앙일보 신춘문예,신춘문예,시,2
P0100,나희덕,사라진 손바닥,문학과지성사,문학과지성 시인선,291,2004,1989,중앙일보 신춘문예,중앙일보 신춘문예,신춘문예,시,1
P0100,나희덕,어두워진다는 것,창비,창비시선,205,2001,1989,중앙일보 신춘문예,중앙일보 신춘문예,신춘문예,시,1
P0028,김경미,당신의 세계는 아직도 바다와 빗소리와 작약을 취급하는지,민음사,민음의 시,308,2023,1983,중앙일보 신춘문예,중앙일보 신춘문예,신춘문예,시,1
P0028,김경미,고통을 달래는 순서,창비,창비시선,296,2008,1983,중앙일보 신춘문예,중앙일보 신춘문예,신춘문예,시,1
P0016,곽재구,푸른 용과 강과 착한 물고기들의 노래,문학동네,문학동네 시인선,117,2019,1981,중앙일보 신춘문예,중앙일보 신춘문예,신춘문예,시,1
P0016,곽재구,와온 바다,창비,창비시선,346,2012,1981,중앙일보 신춘문예,중앙일보 신춘문예,신춘문예,시,2
P0226,유현아,슬픔은 겨우 손톱만큼의 조각,창비,창비시선,491,2023,1987,지평 (부산 무크지),지평 (부산 무크지),매체 및 문학상,시,2
P0395,한연희,희귀종 눈물귀신버섯,문학동네,문학동네 시인선,199,2023,2016,창비신인문학상,창작과비평,신인상,시,1
P0080,김재근,무중력 화요일,창비,창비시선,384,2015,2010,창비신인문학상,창작과비평,신인상,시,7
P0397,한재범,웃긴 게 뭔지 아세요,창비,창비시선,499,2024,2019,창비신인시인상,창작과비평,신인상,시,1
P0387,최지은,"봄밤이 끝나가요, 때마침 시는 너무 짧고요",창비,창비시선,458,2021,2017,창비신인시인상,창작과비평,신인상,시,3
P0363,주하림,여름 키코,문학동네,문학동네 시인선,176,2022,2009,창비신인시인상,창작과비평,신인상,시,1
P0228,유혜빈,밤새도록 이마를 쓰다듬는 꿈속에서,창비,창비시선,480,2022,2020,창비신인시인상,창작과비평,신인상,시,7
P0207,안희연,당근밭 걷기,문학동네,문학동네 시인선,214,2024,2012,창비신인시인상,창작과비평,신인상,시,1
P0180,송진권,원근법 배우는 시간,창비,창비시선,483,2022,2004,창비신인시인상,창작과비평,신인상,시,14
P0180,송진권,자라는 돌,창비,창비시선,331,2011,2004,창비신인시인상,창작과비평,신인상,시,8
P0159,백상웅,거인을 보았다,창비,창비시선,352,2012,2008,창비신인시인상,창작과비평,신인상,시,4
P0369,채호기,손가락이 뜨겁다,문학과지성사,문학과지성 시인선,361,2009,1988,창작과비평,창작과비평,매체 및 문학상,시,2
P0358,조정인,사과 얼마예요,민음사,민음의 시,257,2019,1998,창작과비평,창작과비평,매체 및 문학상,시,2
P0358,조정인,장미의 내용,창비,창비시선,329,2011,1998,창작과비평,창작과비평,매체 및 문학상,시,1
P0342,정철훈,내 졸음에도 사랑은 떠도느냐,민음사,민음의 시,110,2002,1997,창작과비평,창작과비평,매체 및 문학상,시,2
P0327,장철문,비유의 바깥,문학동네,문학동네 시인선,83,2016,1994,창작과비평,창작과비평,매체 및 문학상,시,2
P0327,장철문,무릎 위의 자작나무,창비,창비시선,290,2008,1994,창작과비평,창작과비평,매체 및 문학상,시,5
P0327,장철문,산벚나무의 저녁,창비,창비시선,228,2003,1994,창작과비평,창작과비평,매체 및 문학상,시,1
P0252,이면우,아무도 울지 않는다,창비,창비시선,211,2001,1997,창작과비평,창작과비평,매체 및 문학상,시,5
P0249,이대흠,코끼리가 쏟아진다,창비,창비시선,484,2022,1994,창작과비평,창작과비평,매체 및 문학상,시,5
P0249,이대흠,당신은 북천에서 온 사람,창비,창비시선,425,2018,1994,창작과비평,창작과비평,매체 및 문학상,시,2
P0249,이대흠,귀가 서럽다,창비,창비시선,311,2010,1994,창작과비평,창작과비평,매체 및 문학상,시,4
P0222,유용주,서울은 왜 이렇게 추운 겨,문학동네,문학동네 시인선,104,2018,1991,창작과비평,창작과비평,매체 및 문학상,시,3
P0148,박철,없는 영원에도 끝은 있으니,창비,창비시선,420,2018,1987,창작과비평,창작과비평,매체 및 문학상,시,2
P0085,김주대,그리움의 넓이,창비,창비시선,353,2012,1991,창작과비평,창작과비평,매체 및 문학상,시,11
P0083,김정환,내 몸에 내려앉은 지명,문학동네,문학동네 시인선,82,2016,1980,창작과비평,창작과비평,매체 및 문학상,시,1
P0083,김정환,해가 뜨다,문학과지성사,문학과지성 시인선,251,2000,1980,창작과비평,창작과비평,매체 및 문학상,시,2
P0072,김용택,모두가 첫날처럼,문학동네,문학동네 시인선,191,2023,1982,창작과비평 21인 신작시집,창작과비평,매체 및 문학상,시,5
P0072,김용택,나비가 숨은 어린나무,문학과지성사,문학과지성 시인선,555,2022,1982,창작과비평 21인 신작시집,창작과비평,매체 및 문학상,시,6
P0072,김용택,울고 들어온 너에게,창비,창비시선,401,2016,1982,창작과비평 21인 신작시집,창작과비평,매체 및 문학상,시,1
P0053,김선우,내 따스한 유령들,창비,창비시선,461,2021,1996,창작과비평 겨울호,창작과비평,매체 및 문학상,시,1
P0053,김선우,녹턴,문학과지성사,문학과지성 시인선,483,2016,1996,창작과비평 겨울호,창작과비평,매체 및 문학상,시,1
P0053,김선우,나의 무한한 혁명에게,창비,창비시선,344,2012,1996,창작과비평 겨울호,창작과비평,매체 및 문학상,시,1
P0053,김선우,내 몸속에 잠든 이 누구신가,문학과지성사,문학과지성 시인선,335,2007,1996,창작과비평 겨울호,창작과비평,매체 및 문학상,시,5
P0053,김선우,도화 아래 잠들다,창비,창비시선,229,2003,1996,창작과비평 겨울호,창작과비평,매체 및 문학상,시,4
P0057,김성대,사막 식당,창비,창비시선,356,2013,2005,창작과비평 신인상,창작과비평,신인상,시,1
P0057,김성대,귀 없는 토끼에 관한 소수 의견,민음사,민음의 시,170,2010,2005,창작과비평 신인상,창작과비평,신인상,시,2
P0376,최민,어느날 꿈에,창비,창비시선,244,2005,1969,창작과비평 여름호,창작과비평,매체 및 문학상,시,1
P0297,이지아,이렇게나 뽀송해,문학과지성사,문학과지성 시인선,570,2022,2015,쿨투라 신인상,쿨투라 신인상,신인상,시,11
P0297,이지아,오트 쿠튀르,문학과지성사,문학과지성 시인선,539,2020,2015,쿨투라 신인상,쿨투라 신인상,신인상,시,6
P0190,신영배,물안경 달밤,문학과지성사,문학과지성 시인선,549,2020,2001,포에지,포에지,매체 및 문학상,시,1
P0190,신영배,그 숲에서 당신을 만날까,문학과지성사,문학과지성 시인선,497,2017,2001,포에지,포에지,매체 및 문학상,시,9
P0190,신영배,물속의 피아노,문학과지성사,문학과지성 시인선,433,2013,2001,포에지,포에지,매체 및 문학상,시,9
P0190,신영배,오후 여섯 시에 나는 가장 길어진다,문학과지성사,문학과지성 시인선,364,2009,2001,포에지,포에지,매체 및 문학상,시,5
P0079,김이듬,투명한 것과 없는 것,문학동네,문학동네 시인선,204,2023,2001,포에지 가을호,포에지,매체 및 문학상,시,4
P0079,김이듬,표류하는 흑발,민음사,민음의 시,239,2017,2001,포에지 가을호,포에지,매체 및 문학상,시,3
P0079,김이듬,히스테리아,문학과지성사,문학과지성 시인선,454,2014,2001,포에지 가을호,포에지,매체 및 문학상,시,4
P0079,김이듬,말할 수 없는 애인,문학과지성사,문학과지성 시인선,391,2011,2001,포에지 가을호,포에지,매체 및 문학상,시,1
P0079,김이듬,명랑하라 팜 파탈,문학과지성사,문학과지성 시인선,340,2007,2001,포에지 가을호,포에지,매체 및 문학상,시,5
P0022,권선희,푸른 바다 검게 울던 물의 말,창비,창비시선,505,2024,1998,포항문학,포항문학,매체 및 문학상,시,5
P0360,주민현,"킬트, 그리고 퀼트",문학동네,문학동네 시인선,131,2020,2017,한국경제 신춘문예,한국경제 신춘문예,신춘문예,시,1
P0260,이서하,조금 진전 있음,민음사,민음의 시,315,2023,2016,한국경제 신춘문예,한국경제 신춘문예,신춘문예,시,3
P0260,이서하,진짜 같은 마음,민음사,민음의 시,270,2020,2016,한국경제 신춘문예,한국경제 신춘문예,신춘문예,시,8
P0172,성윤석,2170년 12월 23일,문학과지성사,문학과지성 시인선,530,2019,1990,한국문학 신인상,한국문학 신인상,신인상,시,9
P0172,성윤석,멍게,문학과지성사,문학과지성 시인선,447,2014,1990,한국문학 신인상,한국문학 신인상,신인상,시,4
P0172,성윤석,공중 묘지,민음사,민음의 시,140,2007,1990,한국문학 신인상,한국문학 신인상,신인상,시,5
P0059,김수복,외박,창비,창비시선,355,2012,1975,한국문학 신인상,한국문학 신인상,신인상,시,1
P0382,최영철,찔러본다,문학과지성사,문학과지성 시인선,380,2010,1986,한국일보 신춘문예,한국일보 신춘문예,신춘문예,시,9
P0382,최영철,호루라기,문학과지성사,문학과지성 시인선,324,2006,1986,한국일보 신춘문예,한국일보 신춘문예,신춘문예,시,5
P0382,최영철,그림자 호수,창비,창비시선,225,2003,1986,한국일보 신춘문예,한국일보 신춘문예,신춘문예,시,3
P0382,최영철,일광욕하는 가구,문학과지성사,문학과지성 시인선,240,2000,1986,한국일보 신춘문예,한국일보 신춘문예,신춘문예,시,4
P0351,조연호,유고,문학동네,문학동네 시인선,136,2020,1994,한국일보 신춘문예,한국일보 신춘문예,신춘문예,시,6
P0338,정일근,기다린다는 것에 대하여,문학과지성사,문학과지성 시인선,358,2009,1985,한국일보 신춘문예,한국일보 신춘문예,신춘문예,시,1
P0293,이정훈,"쏘가리, 호랑이",창비,창비시선,441,2020,2013,한국일보 신춘문예,한국일보 신춘문예,신춘문예,시,6
P0286,이윤학,짙은 백야,문학과지성사,문학과지성 시인선,487,2016,1990,한국일보 신춘문예,한국일보 신춘문예,신춘문예,시,6
P0286,이윤학,나를 울렸다,문학과지성사,문학과지성 시인선,405,2011,1990,한국일보 신춘문예,한국일보 신춘문예,신춘문예,시,1
P0284,이원하,제주에서 혼자 살고 술은 약해요,문학동네,문학동네 시인선,135,2020,2018,한국일보 신춘문예,한국일보 신춘문예,신춘문예,시,1
P0279,이용임,안개주의보,문학과지성사,문학과지성 시인선,415,2012,2007,한국일보 신춘문예,한국일보 신춘문예,신춘문예,시,2
P0255,이병률,찬란,문학과지성사,문학과지성 시인선,373,2010,1995,한국일보 신춘문예,한국일보 신춘문예,신춘문예,시,1
P0238,윤지양,기대 없는 토요일,민음사,민음의 시,327,2024,2017,한국일보 신춘문예,한국일보 신춘문예,신춘문예,시,2
P0237,윤종욱,우리의 초능력은 우는 일이 전부라고 생각해,민음사,민음의 시,274,2020,2015,한국일보 신춘문예,한국일보 신춘문예,신춘문예,시,2
P0192,신이인,검은 머리 짐승 사전,민음사,민음의 시,309,2023,2021,한국일보 신춘문예,한국일보 신춘문예,신춘문예,시,1
P0175,손택수,어떤 슬픔은 함께할 수 없다,문학동네,문학동네 시인선,180,2022,1998,한국일보 신춘문예,한국일보 신춘문예,신춘문예,시,4
P0175,손택수,붉은빛이 여전합니까,창비,창비시선,440,2020,1998,한국일보 신춘문예,한국일보 신춘문예,신춘문예,시,3
P0175,손택수,떠도는 먼지들이 빛난다,창비,창비시선,379,2014,1998,한국일보 신춘문예,한국일보 신춘문예,신춘문예,시,2
P0175,손택수,목련 전차,창비,창비시선,264,2006,1998,한국일보 신춘문예,한국일보 신춘문예,신춘문예,시,10
P0175,손택수,호랑이 발자국,창비,창비시선,222,2003,1998,한국일보 신춘문예,한국일보 신춘문예,신춘문예,시,7
P0151,박형준,줄무늬를 슬퍼하는 기린처럼,창비,창비시선,445,2020,1991,한국일보 신춘문예,한국일보 신춘문예,신춘문예,시,1
P0151,박형준,생각 날 때마다 울었다,문학과지성사,문학과지성 시인선,394,2011,1991,한국일보 신춘문예,한국일보 신춘문예,신춘문예,시,5
P0151,박형준,춤,창비,창비시선,247,2005,1991,한국일보 신춘문예,한국일보 신춘문예,신춘문예,시,1
P0151,박형준,물속까지 잎사귀가 피어 있다,창비,창비시선,216,2002,1991,한국일보 신춘문예,한국일보 신춘문예,신춘문예,시,1
P0045,김복희,희망은 사랑을 한다,문학동네,문학동네 시인선,144,2020,2015,한국일보 신춘문예,한국일보 신춘문예,신춘문예,시,1
P0036,김두안,달의 아가미,민음사,민음의 시,156,2009,2006,한국일보 신춘문예,한국일보 신춘문예,신춘문예,시,9
P0033,김기택,낫이라는 칼,문학과지성사,문학과지성 시인선,573,2023,1989,한국일보 신춘문예,한국일보 신춘문예,신춘문예,시,4
P0033,김기택,갈라진다 갈라진다,문학과지성사,문학과지성 시인선,417,2012,1989,한국일보 신춘문예,한국일보 신춘문예,신춘문예,시,1
P0026,길상호,우리의 죄는 야옹,문학동네,문학동네 시인선,87,2016,2001,한국일보 신춘문예,한국일보 신춘문예,신춘문예,시,14
P0353,조용미,나의 다른 이름들,민음사,민음의 시,224,2016,1990,한길문학,한길문학,매체 및 문학상,시,1
P0353,조용미,일만 마리 물고기가 산을 날아오르다,창비,창비시선,198,2000,1990,한길문학,한길문학,매체 및 문학상,시,1
P0408,황성희,눈물은 그러다가 흐른다,문학동네,문학동네 시인선,153,2021,2005,현대문학,현대문학,매체 및 문학상,시,2
P0408,황성희,4를 지키려는 노력,민음사,민음의 시,197,2013,2005,현대문학,현대문학,매체 및 문학상,시,25
P0408,황성희,앨리스네 집,민음사,민음의 시,150,2008,2005,현대문학,현대문학,매체 및 문학상,시,8
P0375,최문자,해바라기밭의 리토르넬로,민음사,민음의 시,295,2022,1982,현대문학,현대문학,매체 및 문학상,시,3
P0375,최문자,우리가 훔친 것들이 만발한다,민음사,민음의 시,255,2019,1982,현대문학,현대문학,매체 및 문학상,시,2
P0375,최문자,파의 목소리,문학동네,문학동네 시인선,71,2015,1982,현대문학,현대문학,매체 및 문학상,시,1
P0375,최문자,사과 사이사이 새,민음사,민음의 시,182,2012,1982,현대문학,현대문학,매체 및 문학상,시,1
P0372,천양희,나는 가끔 우두커니가 된다,창비,창비시선,326,2011,1965,현대문학,현대문학,매체 및 문학상,시,6
P0372,천양희,몇차례 바람 속에서도 우리는 무사하였다,창비,창비시선,510,2024,1965,현대문학,현대문학,매체 및 문학상,시,3
P0325,장이지,편지의 시대,창비,창비시선,495,2023,2000,현대문학,현대문학,매체 및 문학상,시,45
P0325,장이지,레몬옐로,문학동네,문학동네 시인선,106,2018,2000,현대문학,현대문학,매체 및 문학상,시,5
P0325,장이지,연꽃의 입술,문학동네,문학동네 시인선,11,2011,2000,현대문학,현대문학,매체 및 문학상,시,2
P0272,이승훈,인생,민음사,민음의 시,109,2002,1962,현대문학,현대문학,매체 및 문학상,시,6
P0247,이기철,영원 아래서 잠시,민음사,민음의 시,291,2021,1972,현대문학,현대문학,매체 및 문학상,시,4
P0247,이기철,흰 꽃 만지는 시간,민음사,민음의 시,234,2017,1972,현대문학,현대문학,매체 및 문학상,시,4
P0247,이기철,"나무, 나의 모국어",민음사,민음의 시,180,2012,1972,현대문학,현대문학,매체 및 문학상,시,1
P0247,이기철,가장 따뜻한 책,민음사,민음의 시,124,2005,1972,현대문학,현대문학,매체 및 문학상,시,1
P0247,이기철,내가 만난 사람은 모두 아름다웠다,민음사,민음의 시,98,2000,1972,현대문학,현대문학,매체 및 문학상,시,1
P0243,이근화,뜨거운 입김으로 구성된 미래,창비,창비시선,463,2021,2004,현대문학,현대문학,매체 및 문학상,시,5
P0243,이근화,내가 무엇을 쓴다 해도,창비,창비시선,402,2016,2004,현대문학,현대문학,매체 및 문학상,시,5
P0227,유형진,가벼운 마음의 소유자들,민음사,민음의 시,173,2011,2001,현대문학,현대문학,매체 및 문학상,시,12
P0221,유안진,봄비 한 주머니,창비,창비시선,195,2000,1965,현대문학,현대문학,매체 및 문학상,시,1
P0216,오정국,재의 얼굴로 지나가다,민음사,민음의 시,286,2021,1988,현대문학,현대문학,매체 및 문학상,시,1
P0216,오정국,파묻힌 얼굴,민음사,민음의 시,177,2011,1988,현대문학,현대문학,매체 및 문학상,시,1
P0214,오규원,새와 나무와 새똥 그리고 돌멩이,문학과지성사,문학과지성 시인선,301,2005,1968,현대문학,현대문학,매체 및 문학상,시,8
P0208,양안다,백야의 소문으로 영원히,민음사,민음의 시,252,2018,2014,현대문학,현대문학,매체 및 문학상,시,2
P0136,박은율,절반의 침묵,민음사,민음의 시,199,2013,1988,현대문학,현대문학,매체 및 문학상,시,2
P0094,김행숙,에코의 초상,문학과지성사,문학과지성 시인선,455,2014,1999,현대문학,현대문학,매체 및 문학상,시,2
P0054,김선재,목성에서의 하루,문학과지성사,문학과지성 시인선,515,2018,2007,현대문학,현대문학,매체 및 문학상,시,4
P0038,김명리,바람 불고 고요한,문학동네,문학동네 시인선,179,2022,1983,현대문학,현대문학,매체 및 문학상,시,1
P0038,김명리,불멸의 샘이 여기 있다,문학과지성사,문학과지성 시인선,265,2002,1983,현대문학,현대문학,매체 및 문학상,시,1
P0031,김경후,울려고 일어난 겁니다,문학과지성사,문학과지성 시인선,556,2022,1998,현대문학,현대문학,매체 및 문학상,시,4
P0031,김경후,"오르간, 파이프, 선인장",창비,창비시선,412,2017,1998,현대문학,현대문학,매체 및 문학상,시,3
P0031,김경후,열두 겹의 자정,문학동네,문학동네 시인선,19,2012,1998,현대문학,현대문학,매체 및 문학상,시,1
P0031,김경후,그날 말이 돌아오지 않는다,민음사,민음의 시,101,2001,1998,현대문학,현대문학,매체 및 문학상,시,8
P0014,고형렬,밤 미시령,창비,창비시선,260,2006,1979,현대문학,현대문학,매체 및 문학상,시,1
P0014,고형렬,김포 운호가든집에서,창비,창비시선,212,2001,1979,현대문학,현대문학,매체 및 문학상,시,1
P0259,이상협,사람은 모두 울고 난 얼굴,민음사,민음의 시,247,2018,2012,현대문학 신인상,현대문학,신인상,시,1
P0410,황인찬,이걸 내 마음이라고 하자,문학동네,문학동네 시인선,194,2023,2010,현대문학 신인추천,현대문학,신인상,시,2
P0410,황인찬,희지의 세계,민음사,민음의 시,214,2015,2010,현대문학 신인추천,현대문학,신인상,시,4
P0410,황인찬,구관조 씻기기,민음사,민음의 시,189,2012,2010,현대문학 신인추천,현대문학,신인상,시,2
P0396,한인준,아름다운 그런데,창비,창비시선,409,2017,2013,현대문학 신인추천,현대문학,신인상,시,1
P0339,정재율,몸과 마음을 산뜻하게,민음사,민음의 시,298,2022,2019,현대문학 신인추천,현대문학,신인상,시,4
P0332,정다연,서로에게 기대서 끝까지,창비,창비시선,464,2021,2015,현대문학 신인추천,현대문학,신인상,시,5
P0290,이장욱,내 잠속의 모래산,민음사,민음의 시,111,2002,1994,현대문학 신인추천,현대문학,신인상,시,3
P0219,유선혜,사랑과 멸종을 바꿔 읽어보십시오,문학과지성사,문학과지성 시인선,608,2024,2022,현대문학 신인추천,현대문학,신인상,시,3
P0212,여세실,휴일에 하는 용서,창비,창비시선,487,2023,2021,현대문학 신인추천,현대문학,신인상,시,4
P0177,송승언,사랑과 교육,민음사,민음의 시,260,2019,2011,현대문학 신인추천,현대문학,신인상,시,4
P0177,송승언,철과 오크,문학과지성사,문학과지성 시인선,464,2015,2011,현대문학 신인추천,현대문학,신인상,시,3
P0061,김승일,여기까지 인용하세요,문학과지성사,문학과지성 시인선,534,2019,2009,현대문학 신인추천,현대문학,신인상,시,2
P0061,김승일,에듀케이션,문학과지성사,문학과지성 시인선,410,2012,2009,현대문학 신인추천,현대문학,신인상,시,4
P0378,최서림,버들치,문학동네,문학동네 시인선,56,2014,1993,현대시,현대시,매체 및 문학상,시,11
P0361,주영중,결코 안녕인 세계,민음사,민음의 시,212,2015,2007,현대시,현대시,매체 및 문학상,시,2
P0359,조혜은,눈 내리는 체육관,민음사,민음의 시,300,2022,2008,현대시,현대시,매체 및 문학상,시,5
P0359,조혜은,구두코,민음사,민음의 시,190,2012,2008,현대시,현대시,매체 및 문학상,시,3
P0343,정한아,울프 노트,문학과지성사,문학과지성 시인선,509,2018,2006,현대시,현대시,매체 및 문학상,시,2
P0343,정한아,어른스런 입맞춤,문학동네,문학동네 시인선,7,2011,2006,현대시,현대시,매체 및 문학상,시,1
P0291,이재훈,생물학적인 눈물,문학동네,문학동네 시인선,166,2021,1998,현대시,현대시,매체 및 문학상,시,9
P0291,이재훈,벌레 신화,민음사,민음의 시,225,2016,1998,현대시,현대시,매체 및 문학상,시,2
P0291,이재훈,명왕성 되다,민음사,민음의 시,175,2011,1998,현대시,현대시,매체 및 문학상,시,17
P0289,이이체,인간이 버린 사랑,문학과지성사,문학과지성 시인선,482,2016,2008,현대시,현대시,매체 및 문학상,시,3
P0289,이이체,죽은 눈을 위한 송가,문학과지성사,문학과지성 시인선,406,2011,2008,현대시,현대시,매체 및 문학상,시,24
P0254,이민하,미기후,문학과지성사,문학과지성 시인선,553,2021,2000,현대시,현대시,매체 및 문학상,시,7
P0254,이민하,세상의 모든 비밀,문학과지성사,문학과지성 시인선,475,2015,2000,현대시,현대시,매체 및 문학상,시,15
P0254,이민하,모조 숲,민음사,민음의 시,187,2012,2000,현대시,현대시,매체 및 문학상,시,10
P0254,이민하,음악처럼 스캔들처럼,문학과지성사,문학과지성 시인선,347,2008,2000,현대시,현대시,매체 및 문학상,시,8
P0145,박진성,식물의 밤,문학과지성사,문학과지성 시인선,451,2014,2001,현대시,현대시,매체 및 문학상,시,5
P0081,김재혁,딴생각,민음사,민음의 시,196,2013,1994,현대시,현대시,매체 및 문학상,시,21
P0081,김재혁,아버지의 도장,민음사,민음의 시,138,2007,1994,현대시,현대시,매체 및 문학상,시,11
P0074,김유태,그 일 말고는 아무 일도 일어나지 않았다,문학동네,문학동네 시인선,161,2021,2018,현대시,현대시,매체 및 문학상,시,11
P0063,김안,Mazeppa,문학과지성사,문학과지성 시인선,597,2024,2004,현대시,현대시,매체 및 문학상,시,16
P0063,김안,아무는 밤,민음사,민음의 시,259,2019,2004,현대시,현대시,매체 및 문학상,시,10
P0063,김안,오빠생각,문학동네,문학동네 시인선,9,2011,2004,현대시,현대시,매체 및 문학상,시,23
P0133,박승열,감자가 나를 보고 있었다,문학동네,문학동네 시인선,175,2022,2018,현대시 신인문학상,현대시,신인상,시,4
P0268,이소호,홈 스위트 홈,문학과지성사,문학과지성 시인선,582,2023,2014,현대시 신인상,현대시,신인상,시,11
P0268,이소호,캣콜링,민음사,민음의 시,253,2018,2014,현대시 신인상,현대시,신인상,시,5
P0215,오은,없음의 대명사,문학과지성사,문학과지성 시인선,585,2023,2002,현대시 신인상,현대시,신인상,시,1
P0215,오은,유에서 유,문학과지성사,문학과지성 시인선,488,2016,2002,현대시 신인상,현대시,신인상,시,2
P0215,오은,우리는 분위기를 사랑해,문학동네,문학동네 시인선,38,2013,2002,현대시 신인상,현대시,신인상,시,2
P0215,오은,호텔 타셀의 돼지들,민음사,민음의 시,152,2009,2002,현대시 신인상,현대시,신인상,시,7
P0305,이현호,아름다웠던 사람의 이름은 혼자,문학동네,문학동네 시인선,111,2018,2007,현대시 신인추천,현대시,신인상,시,5
P0305,이현호,라이터 좀 빌립시다,문학동네,문학동네 시인선,55,2014,2007,현대시 신인추천,현대시,신인상,시,2
P0166,서윤후,무한한 밤 홀로 미러볼 켜네,문학동네,문학동네 시인선,155,2021,2009,현대시 신인추천,현대시,신인상,시,7
P0166,서윤후,어느 누구의 모든 동생,민음사,민음의 시,221,2016,2009,현대시 신인추천,현대시,신인상,시,9
P0084,김종연,월드,민음사,민음의 시,305,2022,2011,현대시 신인추천,현대시,신인상,시,2
P0084,김종연,검은 양 세기,민음사,민음의 시,329,2024,2011,현대시 신인추천,현대시,신인상,시,2
P0146,박찬일,모자나무,민음사,민음의 시,135,2006,1993,현대시사상,현대시사상,매체 및 문학상,시,1
P0146,박찬일,나는 푸른 트럭을 탔다,민음사,민음의 시,113,2002,1993,현대시사상,현대시사상,매체 및 문학상,시,2
P0058,김소연,촉진하는 밤,문학과지성사,문학과지성 시인선,589,2023,1993,현대시사상,현대시사상,매체 및 문학상,시,2
P0058,김소연,수학자의 아침,문학과지성사,문학과지성 시인선,437,2013,1993,현대시사상,현대시사상,매체 및 문학상,시,3
P0058,김소연,눈물이라는 뼈,문학과지성사,문학과지성 시인선,369,2009,1993,현대시사상,현대시사상,매체 및 문학상,시,2
P0058,김소연,빛들의 피곤이 밤을 끌어당긴다,민음사,민음의 시,131,2006,1993,현대시사상,현대시사상,매체 및 문학상,시,4
P0096,김현서,나는 커서,문학동네,문학동네 시인선,81,2016,1996,현대시사상 신인문학상,현대시사상,신인상,시,1
P0307,이홍섭,터미널,문학동네,문학동네 시인선,6,2011,1990,현대시세계,현대시세계,매체 및 문학상,시,2
P0005,강정,귀신,문학동네,문학동네 시인선,60,2014,1992,현대시세계 가을호,현대시세계,매체 및 문학상,시,1
P0005,강정,키스,문학과지성사,문학과지성 시인선,353,2008,1992,현대시세계 가을호,현대시세계,매체 및 문학상,시,2
P0402,허연,당신은 언제 노래가 되지,문학과지성사,문학과지성 시인선,542,2020,1991,현대시세계 신인상,현대시세계,신인상,시,1
P0402,허연,오십 미터,문학과지성사,문학과지성 시인선,478,2016,1991,현대시세계 신인상,현대시세계,신인상,시,5
P0402,허연,내가 원하는 천사,문학과지성사,문학과지성 시인선,411,2012,1991,현대시세계 신인상,현대시세계,신인상,시,7
P0384,최정례,빛그물,창비,창비시선,451,2020,1990,현대시학,현대시학,매체 및 문학상,시,7
P0384,최정례,개천의 용의 홈타운,창비,창비시선,383,2015,1990,현대시학,현대시학,매체 및 문학상,시,8
P0384,최정례,캥거루는 캥거루고 나는 나인데,문학과지성사,문학과지성 시인선,403,2011,1990,현대시학,현대시학,매체 및 문학상,시,5
P0384,최정례,레바논 감정,문학과지성사,문학과지성 시인선,318,2006,1990,현대시학,현대시학,매체 및 문학상,시,1
P0380,최승호,방부제가 썩는 나라,문학과지성사,문학과지성 시인선,514,2018,1977,현대시학,현대시학,매체 및 문학상,시,1
P0302,이하석,연애 간,문학과지성사,문학과지성 시인선,470,2015,1971,현대시학,현대시학,매체 및 문학상,시,4
P0270,이수정,나는 네 번 태어난 기억이 있다,문학동네,문학동네 시인선,107,2018,2001,현대시학,현대시학,매체 및 문학상,시,5
P0261,이선영,포도알이 남기는 미래,창비,창비시선,304,2009,1990,현대시학,현대시학,매체 및 문학상,시,1
P0253,이문숙,천둥을 쪼개고 씨앗을 심다,창비,창비시선,251,2005,1991,현대시학,현대시학,매체 및 문학상,시,2
P0242,이규리,최선은 그런 것이에요,문학동네,문학동네 시인선,54,2014,1994,현대시학,현대시학,매체 및 문학상,시,1
P0197,심언주,처음인 양,문학동네,문학동네 시인선,182,2022,2004,현대시학,현대시학,매체 및 문학상,시,6
P0197,심언주,비는 염소를 몰고 올 수 있을까,민음사,민음의 시,210,2015,2004,현대시학,현대시학,매체 및 문학상,시,6
P0197,심언주,"4월아, 미안하다",민음사,민음의 시,139,2007,2004,현대시학,현대시학,매체 및 문학상,시,1
P0195,신현림,7초 간의 포옹,민음사,민음의 시,267,2020,1990,현대시학,현대시학,매체 및 문학상,시,1
P0171,성미정,읽자마자 잊혀져버려도,문학동네,문학동네 시인선,8,2011,1994,현대시학,현대시학,매체 및 문학상,시,5
P0171,성미정,사랑은 야채 같은 것,민음사,민음의 시,115,2003,1994,현대시학,현대시학,매체 및 문학상,시,16
P0126,박서영,연인들은 부지런히 서로를 잊으리라,문학동네,문학동네 시인선,118,2019,1995,현대시학,현대시학,매체 및 문학상,시,4
P0073,김유림,별세계,창비,창비시선,474,2022,2016,현대시학,현대시학,매체 및 문학상,시,12
P0073,김유림,세 개 이상의 모형,문학과지성사,문학과지성 시인선,544,2021,2016,현대시학,현대시학,매체 및 문학상,시,45
P0189,신성희,당신은 오늘도 커다랗게 입을 찢으며 웃고 있습니까,민음사,민음의 시,303,2022,2016,현대시학 신인상,현대시학,신인상,시,13
P0065,김언희,보고 싶은 오빠,창비,창비시선,396,2016,1989,현대시학 신인상,현대시학,신인상,시,17
P0065,김언희,요즘 우울하십니까?,문학동네,문학동네 시인선,4,2011,1989,현대시학 신인상,현대시학,신인상,시,20
P0065,김언희,뜻밖의 대답,민음사,민음의 시,125,2005,1989,현대시학 신인상,현대시학,신인상,시,20
P0065,김언희,말라죽은 앵두나무 아래 잠자는 저 여자,민음사,민음의 시,95,2000,1989,현대시학 신인상,현대시학,신인상,시,11
P0065,김언희,호랑말코,문학과지성사,문학과지성 시인선,610,2024,1989,현대시학 신인상,현대시학,신인상,시,10
P0023,권창섭,고양이 게스트하우스 한국어,창비,창비시선,460,2021,2015,현대시학 신인상,현대시학,신인상,시,2
P0371,천수호,빛의 체인,민음사,민음의 시,307,2023,2003,조선일보 신춘문예,조선일보 신춘문예,신춘문예,시,3
P0276,이영유,검객의 칼끝,문학과지성사,문학과지성 시인선,272,2002,1994,작가세계 신인상 (겨울호),작가세계,신인상,시,2
P0269,이수명,도시가스,문학과지성사,문학과지성 시인선,566,2022,1994,작가세계 신인상 (겨울호),작가세계,신인상,시,10
P0054,김선재,목성에서의 하루,문학과지성사,문학과지성 시인선,518,2018,2007,현대문학,현대문학,매체 및 문학상,시,4
